iso3c,n_amr_events,pubs_sum,promed_mentions,gdp_dollars,health_expend_perc,migrant_pop_perc,population,english_spoken,human_consumption_ddd,country,region,continent,ab_export_perc,ab_import_perc,livestock_consumption_kg_per_capita,gdp_per_capita,tourism_outbound_perc,tourism_inbound_perc,pubs_sum_per_capita,promed_mentions_per_capita
ABW,0,2.134060262,83,2691620111.73184,NA,34.61151416988528,104341,NA,NA,Aruba,Caribbean,Americas,0.0169795877957659,1.4507990867579926e-4,NA,25796.380250638198,NA,1755.7815240413643,2.0452748794816998e-5,7.954687035776923e-4
AFG,0,115.407851,1668,19907111418.9938,10.09395812,1.111086799019562,34413603,FALSE,NA,Afghanistan,Southern Asia,Asia,0,0.00609714777022808,NA,578.4663529417074,NA,NA,3.3535532736865708e-6,4.8469205621974545e-5
AGO,0,165.2346412,6724,116193649124.151,2.9504308,0.3831714966166902,27884381,FALSE,NA,Angola,Middle Africa,Africa,0,5.640975345388002e-4,NA,4166.979683864993,NA,NA,5.925705906830063e-6,2.4113857861861806e-4
AIA,0,0,62,NA,NA,NA,NA,NA,NA,Anguilla,Caribbean,Americas,NA,NA,NA,NA,NA,NA,NA,NA
ALB,0,18.7548805,153,11386931489.7968,6.81974032,2.0000673446724635,2880703,FALSE,NA,Albania,Southern Europe,Europe,0,9.225892866232981e-4,NA,3952.8307811658474,156.35072411144085,143.4024958491035,6.510522084366212e-6,5.3112035499667966e-5
FIN,13,1296.300516,608,232850788304.513,9.74289421,5.764745194433611,5479531,FALSE,7.1919441223144531,Finland,Northern Europe,Europe,1.4543562530573424e-4,2.770016991123491e-4,0.002372465818698717,42494.65662380832,182.89886488460417,NA,2.365714357670392e-4,1.1095840136683231e-4
AND,0,7.935573757,11,2811489408.89431,10.26117376,53.9436746099909,78011,FALSE,NA,Andorra,Southern Europe,Europe,NA,NA,NA,36039.653496228864,NA,10062.683467716091,1.0172377942854214e-4,1.4100575559856943e-4
ARE,0,239.729413,1278,358135057862.492,3.58545347,87.39299787323624,9262900,FALSE,10.523001670837402,United Arab Emirates,Western Asia,Asia,2.4076084735917292e-4,0.009035641523937243,NA,38663.38380663637,NA,NA,2.5880600351941614e-5,1.3796975029418433e-4
ARG,25,1128.172087,2894,594749285413.212,8.74331517,4.837020413120051,43131966,FALSE,6.1656613349914551,Argentina,South America,Americas,1.0378721507351434e-4,0.014465859408343018,NA,13789.060424772013,30.508695105620735,18.2138694999435,2.6156287125887094e-5,6.709640826481223e-5
ARM,0,23.2321514,432,10553337672.9872,10.11762751,6.535482351541742,2925553,FALSE,NA,Armenia,Western Asia,Asia,6.159188875987257e-5,4.4414081546897597e-4,NA,3607.296696722705,NA,NA,7.941114517494641e-6,1.4766439028792162e-4
ASM,0,NA,69,661000000,NA,41.59678922095607,55812,NA,NA,American Samoa,Polynesia,Oceania,NA,NA,NA,11843.33118325808,NA,84.39045366587831,NA,0.0012362932702644593
ATA,0,NA,NA,NA,NA,NA,NA,NA,NA,Antarctica,NA,NA,NA,NA,NA,NA,NA,NA,NA,NA
AUS,9,2518.046179,8657,1351520093185.79,9.33006717,28.399665854817318,23815995,TRUE,11.038069725036621,Australia,Australia and New Zealand,Oceania,1.7188786106198494e-4,0.005940664899827194,0.027040650621567564,56748.42026066054,41.17820817480017,31.28149800165813,1.0572920337781394e-4,3.634952056380596e-4
ATF,0,NA,NA,NA,NA,NA,NA,NA,NA,French Southern Territories,NA,NA,NA,NA,NA,NA,NA,NA,NA,NA
ATG,0,0,41,1359194740.74074,4.71598097,30.014107688690338,93566,TRUE,NA,Antigua & Barbuda,Caribbean,Americas,0,4.4717653900629313e-4,NA,14526.588084782294,NA,955.475279481863,0,4.3819336083620117e-4
AUT,6,833.715765,742,381805676697.707,10.34288459,17.26745314166327,8642699,FALSE,7.1519513130187988,Austria,Western Europe,Europe,0.050063576304900964,0.06255423044668272,0.007289389576103484,44176.67174313336,NA,NA,9.646474614006574e-5,8.585281056299658e-5
AZE,0,53.89420858,315,53074468085.1064,6.83903754,2.7384357128637076,9649341,NA,NA,Azerbaijan,Western Asia,Asia,0,3.357964882742032e-5,NA,5500.320497027351,42.44849466922145,20.788984449818905,5.5852735000245095e-6,3.264471635938661e-5
BDI,0,17.44830896,1527,3104394858.11518,4.88310844,2.822924735458458,10160030,TRUE,NA,Burundi,Eastern Africa,Africa,0,0.008074113038319567,NA,305.54977279744054,NA,NA,1.7173481731845278e-6,1.50294831806599e-4
BEL,15,618.7184918,1350,455940347170.37,10.10563808,12.31076699393908,11274196,FALSE,12.612537384033203,Belgium,Western Europe,Europe,NA,NA,0.026520738152858082,40441.05204223609,NA,NA,5.4879167596518634e-5,1.1974246323196794e-4
BEN,0,74.12848718,1469,8291155880.59505,3.99181962,2.3203490333541605,10575952,FALSE,NA,Benin,Western Africa,Africa,0,0.03675905945916512,NA,783.963077800944,NA,2.638060384540323,7.009155032095455e-6,1.3890002526486506e-4
BFA,0,29.84222361,2653,10419303761.3524,5.82531598,3.8909537297003127,18110624,FALSE,NA,Burkina Faso,Western Africa,Africa,0,4.559805634636121e-5,NA,575.3144541763111,NA,NA,1.6477744560319954e-6,1.4648860249100198e-4
BGD,0,332.9391842,3173,195078678697.23,2.46311455,0.9105586261379991,156256276,FALSE,4.3060283660888672,Bangladesh,Southern Asia,Asia,1.8090649493670734e-5,0.04953697023444734,NA,1248.4533977837152,NA,NA,2.1307251953195146e-6,2.0306384365643017e-5
BGR,19,208.2509474,897,50201314894.5817,8.20309288,1.4225846758515022,7177991,FALSE,9.4195127487182617,Bulgaria,Eastern Europe,Europe,0.07917785006920226,0.06532217625944962,0.006436341310542184,6993.783482673871,NA,129.79954976260072,2.901242804567462e-5,1.24965328042345e-4
BHR,0,48.35291044,316,31125851063.8298,4.97506622,51.32751297334769,1371851,FALSE,NA,Bahrain,Western Asia,Asia,0,1.7323988953561888e-4,NA,22688.944399814412,345.5914672949176,704.8870467711143,3.524647388090981e-5,2.3034571538745825e-4
BHS,0,1.246031693,88,11792300000,5.98754448,15.84848986921642,374206,TRUE,NA,Bahamas,Caribbean,Americas,0,4.4749234670081326e-4,NA,31512.856554945673,NA,1633.3249600487432,3.3298014810024425e-6,2.351645884886934e-4
BIH,0,21.17340202,251,16211541253.1897,9.34804253,1.0148537876298238,3429361,FALSE,7.459571361541748,Bosnia & Herzegovina,Southern Europe,Europe,4.235198796196567e-5,0.0019886357809228566,NA,4727.27754622208,NA,NA,6.174153733013235e-6,7.319147794589137e-5
BLM,0,NA,58,NA,NA,NA,NA,NA,NA,St. Barthélemy,Caribbean,Americas,NA,NA,NA,NA,NA,NA,NA,NA
BLR,0,131.8655574,720,56454734396.5842,6.06528028,11.411473340965536,9489616,FALSE,NA,Belarus,Eastern Europe,Europe,0.008389446732188624,0.0811002845365795,NA,5949.10630699748,73.46978002060358,46.21894078748814,1.3895773801595343e-5,7.587240621749078e-5
BLZ,0,2.68242444,246,1762500450,5.88424805,14.922437128220473,360933,TRUE,NA,Belize,Central America,Americas,0,0.002605956781457843,NA,4883.179011062995,NA,359.9005909684069,7.431917945989977e-6,6.815669390163825e-4
BMU,0,NA,31,NA,NA,29.316819693741472,65239,NA,NA,Bermuda,Northern America,Americas,NA,NA,NA,NA,NA,915.09679792762,NA,4.751758917212097e-4
BOL,0,153.0160412,1056,33000198263.3864,6.42235639,1.3154788573405227,10869730,FALSE,NA,Bolivia,South America,Americas,0,0.01572888713750218,NA,3035.972214892771,NA,NA,1.4077262379102332e-5,9.715052719800768e-5
BRA,50,3424.678507,40549,1802214373741.32,11.4647339,0.34898118380342275,204471769,FALSE,5.8552422523498535,Brazil,South America,Americas,0.0027730813269594644,0.01485085086267413,NA,8814.00098681261,NA,NA,1.6748906334350733e-5,1.983109951966034e-4
BRB,0,0,89,4584150000,7.01271476,12.08275504338927,285324,TRUE,NA,Barbados,Caribbean,Americas,0,0.002258740878897942,NA,16066.471800479454,NA,413.21445093998403,0,3.1192609104036114e-4
BRN,0,8.195549328,53,12930394937.8137,2.3870891,24.760488495012137,414907,TRUE,NA,Brunei,South-Eastern Asia,Asia,0,0.001278137758319267,NA,31164.562029114233,NA,NA,1.9752738150959132e-5,1.277394693268612e-4
BTN,0,3.668957093,625,2059809919.89325,3.65892296,7.021250872401343,727876,FALSE,NA,Bhutan,Southern Asia,Asia,NA,NA,NA,2829.891245065437,NA,NA,5.040634796311459e-6,8.586627392577857e-4
BWA,0,76.19816962,853,14420604205.7459,5.96507028,7.574988824529074,2120716,TRUE,NA,Botswana,Southern Africa,Africa,NA,NA,NA,6799.875233527686,NA,78.27545036676293,3.593039785619574e-5,4.0222264555932994e-4
CAF,0,58.19871156,790,1709221159.20294,6.30899109,1.8160452420006366,4493170,FALSE,NA,Central African Republic,Middle Africa,Africa,0,8.289155516075494e-4,NA,380.4042934504904,NA,NA,1.2952706343183098e-5,1.7582241490974077e-4
CAN,98,3801.184303,9677,1552899925233.71,10.37650812,21.946397195432933,35702908,TRUE,7.2478880882263184,Canada,Northern America,Americas,4.741632896203426e-4,0.01357848256630354,0.04063467323165945,43495.05438699027,156.7687427589932,77.17858724561036,1.0646707833994923e-4,2.7104234758692483e-4
CHE,1,806.8839503,1926,679832291693.257,11.89380635,29.444402320294756,8282396,FALSE,5.1586756706237793,Switzerland,Western Europe,Europe,0.19367674188593703,0.05439108850199203,0.0070174138015134755,82081.59712397921,266.66196593352936,NA,9.742156138151327e-5,2.3254140468531088e-4
CHL,4,351.3855107,1941,243919079437.22,8.29995557,2.612425722840438,17969353,FALSE,4.3172869682312012,Chile,South America,Americas,9.27377229046245e-5,0.023192911145173665,NA,13574.171503961217,22.833320709988836,30.53532311374817,1.9554711329895963e-5,1.0801724469434152e-4
CHN,128,8523.319332,22441,11015542352468.9,4.88872272,0.07132670176922741,1371220000,FALSE,3.0258612632751465,China,Eastern Asia,Asia,0.03358827634837915,0.00311063803193677,NA,8033.3880431067955,NA,9.759192543866046,6.215865675821531e-6,1.6365718119630692e-5
CIV,0,135.0288929,3186,33131113901.4803,5.26271074,9.366165531659734,23226143,FALSE,NA,Côte d’Ivoire,Western Africa,Africa,0,0.004040618718648596,NA,1426.4578454322054,NA,6.204215654747325,5.813659758316307e-6,1.371730123249478e-4
CMR,0,237.3174848,8676,30916218544.4404,4.69952298,1.6395311465592783,23298368,TRUE,NA,Cameroon,Middle Africa,Africa,0,4.936756084208959e-4,NA,1326.96927718029,NA,3.8500550768191144,1.0186013234918428e-5,3.7238659806558127e-4
COD,0,312.6721002,22418,37917704900.1192,3.9869163,0.7157154746705547,76244544,FALSE,NA,Congo - Kinshasa,Middle Africa,Africa,0,0.005856274808428659,NA,497.3169608059982,NA,NA,4.100911144540388e-6,2.940275962565925e-4
COG,0,37.10890091,941,8553154580.39951,3.41535064,8.092840028870935,4856095,FALSE,NA,Congo - Brazzaville,Middle Africa,Africa,0,0.0018474353352867768,NA,1761.3235697406064,NA,4.612759840983341,7.641716422351706e-6,1.937770986770234e-4
COK,0,0,38,NA,NA,NA,NA,NA,NA,Cook Islands,Polynesia,Oceania,NA,NA,NA,NA,NA,NA,NA,NA
COL,15,366.5945795,2172,293481748240.779,6.0226695,0.280160209030736,47520667,FALSE,2.8694586753845215,Colombia,South America,Americas,5.126350135973984e-4,0.02336049679782909,NA,6175.876029702592,NA,10.054572676768194,7.714424115722113e-6,4.570642916270514e-5
COM,0,0,287,988150249.533688,7.68427435,1.6149488567371215,777424,FALSE,NA,Comoros,Eastern Africa,Africa,NA,NA,NA,1271.057041631964,NA,NA,0,3.6916791866471835e-4
CPV,0,0,392,1596800287.16405,5.31378574,2.8440589012144994,524743,FALSE,NA,Cape Verde,Western Africa,Africa,0,0.0016976449852814319,NA,3043.013984300982,NA,NA,0,7.47032356791801e-4
CRI,0,28.97104247,638,54775997555.6182,7.78042454,8.698722143056939,4847804,FALSE,NA,Costa Rica,Central America,Americas,7.506152664449813e-4,0.00612623278397203,NA,11299.136177043916,NA,59.80027245325925,5.976116705625887e-6,1.316059807698496e-4
CUB,9,117.1096718,495,87133000000,12.78461066,0.1177594515955761,11324781,FALSE,NA,Cuba,Caribbean,Americas,0,0.01794278975818576,NA,7694.011919524095,NA,31.258882622101037,1.0341009843810666e-5,4.370945451395484e-5
CUW,0,NA,14,3151910782.1229,NA,23.807443980250664,157980,NA,NA,Curaçao,Caribbean,Americas,0.038612133531911175,0,NA,19951.327903044057,NA,678.5669072034435,NA,8.861881250791239e-5
CYM,0,0,80,NA,NA,38.43885684660748,61724,NA,NA,Cayman Islands,Caribbean,Americas,NA,NA,NA,NA,NA,3405.482470351889,0,0.001296092281770462
CYP,0,51.39226211,237,19680625485.1946,6.8085447,16.896600731275598,1160985,FALSE,NA,Cyprus,Western Asia,Asia,0.0366233426138932,0.11143174284017505,0.04926850906773128,16951.662153425408,96.3836742076771,239.45184476974293,4.4266086219890866e-5,2.0413700435406142e-4
CZE,18,460.0428333,458,186829940545.759,7.24275683,3.841178965526364,10546059,FALSE,7.4572782516479492,Czechia,Eastern Europe,Europe,0.012234496271437616,0.008255969629355072,0.006732372728049407,17715.616852300845,NA,280.7114961143305,4.362225105131689e-5,4.342854520347364e-5
DEU,21,6298.594249,6817,3381389338658.82,11.07906625,14.697255588189355,81686611,FALSE,7.0636534690856934,Germany,Western Europe,Europe,0.003992721232851275,0.0274904246728564,0.024508300387195644,41394.658160794796,NA,NA,7.710681312265482e-5,8.345308878097538e-5
DJI,0,3.59652599,117,1633741922.68737,4.38930145,12.29232609002476,913993,FALSE,NA,Djibouti,Eastern Africa,Africa,0,0.041665026192160545,NA,1787.4775000326808,NA,NA,3.9349601036331785e-6,1.2800973311611797e-4
DMA,0,0,314,540830670,5.45513319,9.440456288720622,71183,TRUE,NA,Dominica,Caribbean,Americas,0.029163286911964514,0.009423282152249243,NA,7597.750446033463,NA,502.92907014315216,0,0.0044111655872891
DNK,11,463.0911328,1069,302673068765.972,10.27382498,10.073400413091761,5683483,FALSE,6.7180066108703613,Denmark,Northern Europe,Europe,0.056925461364129994,0.00417432753812963,0.0020585968146645288,53254.85600396306,NA,496.33297046898883,8.148016503260413e-5,1.8808888845097275e-4
DOM,0,64.94011122,1509,68802092020.9448,6.04389175,4.041790835738906,10281680,FALSE,2.4403276443481445,Dominican Republic,Caribbean,Americas,8.203361313899909e-4,0.013455583279621432,NA,6691.71691989488,NA,59.610880712101526,6.316099238645825e-6,1.4676589818006397e-4
DZA,22,515.2499396,4782,165979277276.907,6.98289165,0.610125975303328,39728025,FALSE,15.404080390930176,Algeria,Northern Africa,Africa,0,0.04531805817813697,NA,4177.888965708892,NA,4.304266320815092,1.2969432525276551e-5,1.2036843009437293e-4
ECU,0,104.3082455,1329,99290381000,8.58845682,2.390282025312083,16212020,FALSE,6.6542634963989258,Ecuador,South America,Americas,3.6595992113274295e-4,0.02748722982541481,NA,6124.491642620722,NA,9.52379777473751,6.434006712303587e-6,8.197621271130926e-5
EGY,36,485.283851,6523,332698041030.807,4.62285691,0.5318362766443464,92442547,FALSE,9.1040182113647461,Egypt,Northern Africa,Africa,1.0832254944555837e-4,0.04790906643337904,NA,3598.970948202098,NA,10.090591727205439,5.249572483112133e-6,7.056274639425502e-5
ERI,0,19.32347083,68,NA,2.96577289,NA,NA,FALSE,NA,Eritrea,Eastern Africa,Africa,NA,NA,NA,NA,NA,NA,NA,NA
ESP,64,1316.95499,4972,1199084183705.08,9.12012883,12.601946756961032,46444832,FALSE,14.290908813476562,Spain,Southern Europe,Europe,0.03759758789470304,0.02470673379533668,0.03759298774081043,25817.38660837615,37.94824793423734,236.4827156657602,2.835525360496513e-5,1.0705173828597335e-4
EST,0,41.42775183,278,22904456871.8171,6.48181399,15.382919507042308,1315407,FALSE,4.3686060905456543,Estonia,Northern Europe,Europe,5.492417510881572e-4,0.017909289545509185,0.005777679455864231,17412.44867316131,NA,433.0218707974034,3.149424613826747e-5,2.1134143272766529e-4
ETH,0,164.4954134,1326,64464547915.2698,3.97593223,1.0640592320213391,100835458,FALSE,NA,Ethiopia,Eastern Africa,Africa,0,0.019681781398166964,NA,639.3043597349437,NA,NA,1.6313250979630598e-6,1.3150136135643873e-5
FJI,0,0,167,4682546881.15833,3.56886339,1.583073056674499,868627,TRUE,NA,Fiji,Melanesia,Oceania,0,3.1307748479762216e-5,NA,5390.745257928121,NA,100.04294133154967,0,1.9225743616074564e-4
FLK,0,0,1,NA,NA,NA,NA,NA,NA,Falkland Islands,South America,Americas,NA,NA,NA,NA,NA,NA,NA,NA
REU,0,0,553,NA,NA,NA,NA,NA,NA,Réunion,Eastern Africa,Africa,NA,NA,NA,NA,NA,NA,NA,NA
MYT,0,0,121,NA,NA,NA,NA,NA,NA,Mayotte,Eastern Africa,Africa,NA,NA,NA,NA,NA,NA,NA,NA
GUF,0,10.7241804,266,NA,NA,NA,NA,NA,NA,French Guiana,South America,Americas,NA,NA,NA,NA,NA,NA,NA,NA
MTQ,0,0,331,NA,NA,NA,NA,NA,NA,Martinique,Caribbean,Americas,NA,NA,NA,NA,NA,NA,NA,NA
GLP,0,0,294,NA,NA,NA,NA,NA,NA,Guadeloupe,Caribbean,Americas,NA,NA,NA,NA,NA,NA,NA,NA
FRA,96,4000.189548,5836,2438207896251.84,11.50136047,11.689479699824755,66593366,FALSE,12.889975547790527,France,Western Europe,Europe,0.005816718166158838,0.043143230662860105,0.014971461271382498,36613.3752159613,45.96253626825231,305.2886679432903,6.006888956476535e-5,8.763635705094109e-5
FRO,0,0,11,2518096285.61661,NA,11.481550852219517,48051,NA,NA,Faroe Islands,Northern Europe,Europe,NA,NA,NA,52404.65933313792,NA,NA,0,2.2892343551643047e-4
GAB,0,35.12050321,607,14377324797.637,2.65743937,13.77963388349046,1947686,FALSE,NA,Gabon,Middle Africa,Africa,9.288236989815248e-5,0,NA,7381.746748519525,NA,NA,1.8031912335972022e-5,3.1165187817748855e-4
GBR,30,6847.70592,16467,2896420586534.4,9.79273451,13.117256879404048,65128861,TRUE,9.0387458801269531,United Kingdom,Northern Europe,Europe,0.006600853000384145,0.009834591263930617,0.006494816483893369,44472.15170144615,100.90764522966246,55.45160693045131,1.0514088247297923e-4,2.5283721758929576e-4
GEO,0,34.99401511,1295,13993566297.9774,7.93235924,4.531261576323472,3725276,FALSE,NA,Georgia,Western Asia,Asia,0,0.0027325979800822435,NA,3756.383768069104,NA,141.09021720806726,9.393670458242557e-6,3.476252497801505e-4
GGY,0,0,185,NA,NA,NA,NA,NA,NA,Guernsey,Northern Europe,Europe,NA,NA,NA,NA,NA,NA,NA,NA
GHA,0,361.8895128,3953,49181854795.298,6.08769695,1.4344071940294167,27849205,TRUE,NA,Ghana,Western Africa,Africa,0,0.03243785755214183,NA,1766.0057008915694,NA,NA,1.2994608384691771e-5,1.4194301058145106e-4
GIN,0,30.41772608,14440,8794202443.67754,5.82712195,1.9979989657182484,11432088,FALSE,NA,Guinea,Western Africa,Africa,0,3.9334766536866853e-4,NA,769.2560137463549,NA,NA,2.6607323246637013e-6,0.001263111340640485
GMB,0,5.169455657,379,1394149615.82075,4.76148864,9.2307249767482,2085860,TRUE,NA,Gambia,Western Africa,Africa,0,0.0022472480460108803,NA,668.3812028711179,NA,NA,2.478332993105961e-6,1.816996346830564e-4
GNB,0,5.799527687,822,1047808175.00057,6.51981283,1.28557300762951,1737202,FALSE,NA,Guinea-Bissau,Western Africa,Africa,0,1.6644267926226584e-4,NA,603.158512942404,NA,NA,3.3384302383948443e-6,4.731746797436337e-4
GNQ,0,3.754344879,173,13180195435.1132,2.70818175,0.9263474611661452,1168568,FALSE,NA,Equatorial Guinea,Middle Africa,Africa,0,1.0939898479491826e-4,NA,11278.928941330927,NA,NA,3.212773992613181e-6,1.4804444414017842e-4
GRC,37,520.7966002,1257,196591353761.226,8.19431265,11.48255646050327,10820883,FALSE,14.629643440246582,Greece,Southern Europe,Europe,4.1409293156846876e-4,0.028032620807390444,NA,18167.773716916265,NA,241.3296585870118,4.8128844956552985e-5,1.1616427236113726e-4
GRD,0,0,63,997007925.925926,4.86385599,6.438927362475935,109599,TRUE,NA,Grenada,Caribbean,Americas,NA,NA,NA,9096.870645954123,NA,398.7262657505999,0,5.748227629814141e-4
GRL,0,3.764528326,28,2499115623.00272,NA,10.708557579213743,56114,NA,NA,Greenland,Northern America,Americas,0,9.18680984132082e-5,NA,44536.401308099936,NA,NA,6.708714983783014e-5,4.989842107139039e-4
GTM,0,60.68053438,478,63767597193.9175,5.51590055,0.46978823903799244,16252429,FALSE,NA,Guatemala,Central America,Americas,0.004380064096670114,0.015208435564081522,NA,3923.573343647125,6.952806869668528,11.475207798169738,3.7336286397559404e-6,2.9410988351341207e-5
GUM,0,0,78,5710000000,NA,47.01117680858557,161853,NA,NA,Guam,Micronesia,Oceania,NA,NA,NA,35278.92593896931,NA,NA,0,4.81918778150544e-4
GUY,0,23.41217777,274,3197225181.59806,4.45280875,2.0046075743518643,767432,TRUE,NA,Guyana,South America,Americas,0,6.279523292746288e-4,NA,4166.134825754021,NA,NA,3.0507169065141926e-5,3.570348903876826e-4
HND,0,23.8807621,579,20833948912.2897,7.71396922,0.3080243469818003,9112916,TRUE,NA,Honduras,Central America,Americas,0,0.004204848556018282,NA,2286.200038746072,12.61945133698149,22.96740143330631,2.6205401322694073e-6,6.35361941227155e-5
HRV,21,114.1757902,300,49519006809.2676,7.15420884,13.723533425127581,4203604,FALSE,10.596867561340332,Croatia,Southern Europe,Europe,0.10932374608908414,0.06497734862480756,NA,11780.131241969415,103.60157617130443,1328.8121335882258,2.716140488019328e-5,7.136733146128893e-5
HTI,0,22.52691792,3488,8724656126.49849,5.3723227,0.36958388831533734,10695542,FALSE,NA,Haiti,Caribbean,Americas,0,4.0408469387032527e-4,NA,815.7282844103169,NA,11.12613086835618,2.1061969482238486e-6,3.261171804103055e-4
HUN,0,297.6801813,461,123074092703.141,7.12069992,4.56802520525188,9843028,FALSE,7.2820863723754883,Hungary,Eastern Europe,Europe,0.07055011219090142,0.020088274767650613,0.02092851915081416,12503.682068479437,175.51509555799294,491.1598341485974,3.0242744539586802e-5,4.683518120643363e-5
IDN,4,1169.008608,2964,860854235065.079,3.0053613,0.12727063088019913,258383256,FALSE,3.6412718296051025,Indonesia,South-Eastern Asia,Asia,2.7941431917543624e-5,0.010616502106548955,NA,3331.695127586282,NA,4.027737772605513,4.524320291095024e-6,1.147133156337344e-5
IMN,0,5.756801982,39,6792417112.29947,NA,54.32996131388615,83234,NA,NA,Isle of Man,Northern Europe,Europe,NA,NA,NA,81606.28003339344,NA,NA,6.916406735228392e-5,4.6855852175793546e-4
IND,129,3702.315134,23477,2103587813812.75,3.59770551,0.40002674406421707,1310152403,TRUE,4.957768440246582,India,Southern Asia,Asia,0.04239593000558171,0.04667823267003414,NA,1605.6054310902562,NA,NA,2.8258660027050305e-6,1.7919289348507955e-5
CCK,0,NA,NA,NA,NA,NA,NA,NA,NA,Cocos (Keeling) Islands,NA,NA,NA,NA,NA,NA,NA,NA,NA,NA
CXR,0,NA,1,NA,NA,NA,NA,NA,NA,Christmas Island,NA,Oceania,NA,NA,NA,NA,NA,NA,NA,NA
IRL,38,203.237572,1012,291499812103.645,7.44604196,15.871263816321587,4701957,TRUE,11.411356925964355,Ireland,Northern Europe,Europe,0.2269752505757196,0.046748580195155466,0.020417030610871176,61995.42277899288,150.87334911825013,NA,4.322403884169932e-5,2.1522953102293366e-4
IRN,33,846.4375545,967,385874474398.59,7.76057939,3.4734909697732443,78492215,FALSE,NA,Iran,Southern Asia,Asia,2.9121387252976225e-5,0.02855956258100774,NA,4916.085937931424,8.433957431319781,6.67199925495796,1.07837134485248e-5,1.2319693105870435e-5
IRQ,0,159.999492,1850,177498577312.923,3.10581652,0.9948229042848865,35572261,FALSE,NA,Iraq,Western Asia,Asia,0,0.0012500235402385163,NA,4989.803074730701,NA,NA,4.497872429306644e-6,5.2006815085495974e-5
ISL,0,58.40090471,1212,17344165907.2129,8.34576615,11.342291008569745,330815,FALSE,NA,Iceland,Northern Europe,Europe,5.203478822954976e-5,0.03947773410742405,0.002720553783836888,52428.59576262533,NA,419.87213397215965,1.7653644698698668e-4,0.0036636790955670087
ISR,2,388.271317,2613,300470790394.923,7.37530683,24.006002315008175,8380100,FALSE,NA,Israel,Western Asia,Asia,0.0052145787380551804,0.01361442196635271,NA,35855.275043844704,NA,37.09979594515578,4.633253982649372e-5,3.118101215975943e-4
ITA,59,4817.921272,3842,1832273032580.67,8.98541669,9.532059152668749,60730582,FALSE,11.4661865234375,Italy,Southern Europe,Europe,0.04275181342088066,0.08624737453480064,0.03174677298498473,30170.516603655633,94.54544664169363,133.48793528769409,7.933270377682202e-5,6.326301961011999e-5
SMR,0,NA,1,1523012088.2777,6.80864925,14.177085837941814,33272,FALSE,NA,San Marino,Southern Europe,Europe,NA,NA,NA,45774.587890048686,NA,5674.440971387353,NA,3.0055301755229622e-5
JAM,0,28.67567405,254,14145469269.457,5.65847448,0.8013431932870775,2891021,TRUE,NA,Jamaica,Caribbean,Americas,0,0.002637855718266486,NA,4892.897446769498,NA,127.70574824603487,9.918874352694084e-6,8.785823416709875e-5
JEY,0,NA,7,NA,NA,NA,NA,NA,NA,Jersey,Northern Europe,Europe,NA,NA,NA,NA,NA,NA,NA,NA
JOR,0,100.0059205,918,37968970380.8181,6.2844915,33.58334659785304,9266575,FALSE,6.2964940071105957,Jordan,Western Asia,Asia,0.005122087800891524,0.11405188957106227,NA,4097.411436352492,17.6224764813321,51.89619681489655,1.0792112565861713e-5,9.906572816817433e-5
JPN,79,4154.523941,4400,4389475622588.97,10.87187938,1.6075671891836623,127141000,FALSE,5.2991757392883301,Japan,Eastern Asia,Asia,0.008986926870716533,0.009100065170982816,0.005158214108745409,34524.46986093369,12.752770546086628,15.523709896886134,3.267650829394138e-5,3.4607247072148245e-5
KAZ,0,523.2148076,1500,184388432148.715,3.08749265,20.217848843565847,17542806,FALSE,7.5210442543029785,Kazakhstan,Central Asia,Asia,0,0.00317187082283066,NA,10510.771888414829,64.43096959517194,36.65320131796476,2.9825035265167952e-5,8.550513526741389e-5
KEN,9,154.7437467,5745,64007750178.5974,4.89013852,2.2648176411143446,47878336,TRUE,NA,Kenya,Eastern Africa,Africa,4.427276372147122e-5,0.019216015194536126,NA,1336.8833490495033,NA,2.466668849978412,3.232020149990175e-6,1.1999163880716322e-4
KGZ,0,83.85923114,773,6678178340.45121,7.21937462,3.431012775101143,5956900,FALSE,NA,Kyrgyzstan,Central Asia,Asia,0,0.002523034896798156,NA,1121.0828351073897,67.28331850459132,67.14902046366399,1.4077663069717472e-5,1.2976548204603064e-4
KHM,0,34.5656758,2626,18049954289.4229,6.17148507,0.47652163111712087,15521436,FALSE,NA,Cambodia,South-Eastern Asia,Asia,0,0.028196787750218305,NA,1162.9049199715091,NA,NA,2.2269637809285174e-6,1.691853769200221e-4
KIR,0,0,30,171117872.436331,7.84410495,2.8423330027945553,110930,TRUE,NA,Kiribati,Micronesia,Oceania,NA,NA,NA,1542.5752495838005,NA,7.392049039935094,0,2.704408185342108e-4
KNA,0,0,27,936314411.47037,5.15236898,14.536257641153838,51203,TRUE,NA,St. Kitts & Nevis,Caribbean,Americas,NA,NA,NA,18286.3193850042,NA,2023.3189461554987,0,5.273128527625335e-4
KOR,46,905.8049745,4215,1382764027113.82,7.04921624,2.601833537139615,51014947,FALSE,10.941156387329102,South Korea,Eastern Asia,Asia,0.01943314239891498,0.014995498484495367,0.01653284085544576,27105.076226264042,37.851651595364785,25.937496318480935,1.7755678046671302e-5,8.26228438500583e-5
KWT,8,147.2566235,257,114567298105.683,4.01473617,74.724755585254,3835591,FALSE,6.2836451530456543,Kuwait,Western Asia,Asia,0,5.356802160367587e-4,NA,29869.529390824777,NA,180.96298588665996,3.839216003478994e-5,6.700401580877627e-5
LAO,0,29.06392962,999,14390391264.2607,2.45366446,0.3299726872095086,6741164,FALSE,NA,Laos,South-Eastern Asia,Asia,0,8.004368879536343e-4,NA,2134.7042238196104,45.496593763332264,69.483549131871,4.311411147985719e-6,1.4819399142343962e-4
LBN,35,72.31904603,463,49973893200.6633,7.82593249,30.58127157040344,6532678,FALSE,9.2991323471069336,Lebanon,Western Asia,Asia,0,0.01691465374942572,NA,7649.8326108623905,NA,NA,1.1070352163385368e-5,7.087445608064563e-5
LBR,0,15.06494221,8776,3177000000,10.18906067,2.544122283514041,4472230,TRUE,NA,Liberia,Western Africa,Africa,NA,NA,NA,710.3838577175145,NA,NA,3.368552648231419e-6,0.0019623319909754192
LBY,0,305.7049663,547,27842131479.8726,NA,12.014773347833504,6418315,FALSE,NA,Libya,Northern Africa,Africa,0,0.0011448225515004948,NA,4337.91913919348,NA,NA,4.763009704260386e-5,8.52248604189729e-5
LCA,0,0,94,1640925666.66667,5.39024405,7.129618257539386,179126,TRUE,NA,St. Lucia,Caribbean,Americas,NA,NA,NA,9160.734157334335,NA,575.5725020376718,0,5.247702734388084e-4
LIE,0,NA,31,6268391521.19701,NA,62.69815852682146,37470,FALSE,NA,Liechtenstein,Western Europe,Europe,NA,NA,NA,167290.9399839074,NA,NA,NA,8.273285294902588e-4
LKA,0,49.27838427,1210,80604080688.5775,3.88992047,0.18457796852646638,20970000,FALSE,3.8522536754608154,Sri Lanka,Southern Asia,Asia,0,0.008016108967192327,NA,3843.780671844421,NA,9.504053409632808,2.349946793991416e-6,5.770147830233667e-5
LSO,0,10.57554929,129,2510312801.2603,8.34570567,0.31918081457158526,2059021,TRUE,NA,Lesotho,Southern Africa,Africa,NA,NA,NA,1219.1778526106825,NA,52.549245490939626,5.136202734212035e-6,6.265113371840307e-5
LTU,0,62.19893645,500,41516701871.248,6.47636009,4.682967802789071,2904910,FALSE,7.5617609024047852,Lithuania,Northern Europe,Europe,0.002118046594180403,0.003644041317857512,0.005507915907893876,14291.906417495895,137.0438326832845,173.7747468940518,2.14116569704397e-5,1.7212237212168362e-4
LUX,0,NA,213,57204400105.015,6.18960579,43.77163783962191,569604,FALSE,11.005009651184082,Luxembourg,Western Europe,Europe,NA,NA,NA,100428.36796268109,NA,NA,NA,3.739440032022247e-4
LVA,0,57.14452869,543,26972863393.6384,5.71063679,13.305810742407058,1977527,FALSE,5.1635050773620605,Latvia,Northern Europe,Europe,9.5069624703056e-4,0.005307748788501474,0.0033375018394186276,13639.694119796291,86.97732066363696,345.9876906863977,2.8896965093270534e-5,2.745853786067143e-4
MAR,1,308.9111646,3278,101179808076.36,5.41232575,0.25534275822395036,34663603,FALSE,6.0296216011047363,Morocco,Northern Africa,Africa,0.0027281360110080416,0.05026446979580951,NA,2918.9062682364556,NA,30.412303071899363,8.911686549144934e-6,9.456604958232414e-5
MCO,0,NA,3,6258178995.23123,2.02911782,55.787687576223554,37718,FALSE,NA,Monaco,Western Europe,Europe,NA,NA,NA,165920.22363940903,NA,NA,NA,7.953762129487248e-5
MDA,0,42.83794387,303,7745231660.33425,10.17688536,4.020811973074538,3554108,FALSE,NA,Moldova,Eastern Europe,Europe,0,0.041567727102187924,NA,2179.233624958569,5.340299169299301,NA,1.2053078823153375e-5,8.525345881441983e-5
MDG,0,91.9668799,3126,9744243531.20119,5.50418518,0.13235488787529368,24234088,FALSE,NA,Madagascar,Eastern Africa,Africa,0,2.307178584772977e-4,NA,402.08831176981744,NA,NA,3.7949387614669055e-6,1.2899185642967047e-4
MDV,0,0,89,4109424799.72407,8.89896749,20.682105448270555,454915,FALSE,NA,Maldives,Southern Asia,Asia,NA,NA,NA,9033.390412987195,NA,NA,0,1.9564094391259906e-4
MEX,11,1308.877683,4378,1170564619927.69,5.65276786,0.9791334781759312,121858258,FALSE,2.4116613864898682,Mexico,Central America,Americas,0.007634344906607582,0.015229527916281332,NA,9605.952351031392,77.94957974862893,71.50028355074632,1.0740984685666522e-5,3.592698658141002e-5
MHL,0,0,125,179697900,22.62079944,5.71736973136719,57439,TRUE,NA,Marshall Islands,Micronesia,Oceania,NA,NA,NA,3128.4997997876008,NA,NA,0,0.002176221730879716
MKD,0,37.56809093,200,10064515432.0265,6.35398538,6.287127379614953,2079328,FALSE,NA,Macedonia,Southern Europe,Europe,6.388981211691851e-4,0.027869479151220546,NA,4840.273122867821,NA,NA,1.8067419344134258e-5,9.618492128226043e-5
MLI,0,128.1778154,1236,13099495529.7113,4.11122936,2.082399351605944,17438778,FALSE,NA,Mali,Western Africa,Africa,0,5.062714044947776e-4,NA,751.1704965629644,NA,NA,7.350160395413027e-6,7.087652586666337e-5
MLT,0,0,137,10701866983.4752,9.35561461,9.31169995483684,445053,TRUE,NA,Malta,Southern Europe,Europe,0.014851726361897582,0.021085368781767845,NA,24046.275350295808,102.4597070461271,535.4418462520194,0,3.0782850581840816e-4
MMR,0,130.1765825,2809,59687410896.5734,5.19360297,0.139155257655333,52680726,FALSE,NA,Myanmar (Burma),South-Eastern Asia,Asia,0,0.0013532066274403753,NA,1133.0028158035143,NA,NA,2.4710476180605407e-6,5.332120897498641e-5
MNE,0,0,92,4052913385.82677,NA,13.266865865478117,622159,FALSE,NA,Montenegro,Southern Europe,Europe,4.2804887123096074e-4,0.07649210863576317,NA,6514.272695286526,NA,NA,0,1.4787216772561355e-4
MNG,0,221.0406437,616,11749620619.5962,3.8824954,0.5876391015458376,2998439,FALSE,NA,Mongolia,Eastern Asia,Asia,0,0.0058340570490994954,NA,3918.5791738955504,NA,15.574770739041215,7.37185727973789e-5,2.054402307333916e-4
MNP,0,0,17,931000000,NA,38.80960917891718,55780,NA,NA,Northern Mariana Islands,Micronesia,Oceania,0,0.0029570354457572503,NA,16690.570096808893,NA,858.7307278594478,0,3.0476873431337396e-4
MOZ,1,134.4812736,4854,14798413628.4625,5.18223307,0.8243768342299509,27042002,FALSE,NA,Mozambique,Eastern Africa,Africa,0,0.0010719780105003165,NA,547.2380938534988,NA,6.0424520344314745,4.973051684560929e-6,1.794985445234417e-4
MRT,0,101.8496838,638,4832547925.29075,4.64444537,3.4145260078278903,4046301,FALSE,NA,Mauritania,Western Africa,Africa,0,5.934343630596191e-4,NA,1194.312515379046,NA,NA,2.5171059641880322e-5,1.576748739157072e-4
MSR,0,0,28,NA,NA,NA,NA,NA,NA,Montserrat,Caribbean,Americas,NA,NA,NA,NA,NA,NA,NA,NA
MUS,5,0,612,11692287066.381,5.78975132,2.2639701252569093,1262605,TRUE,NA,Mauritius,Eastern Africa,Africa,6.520289791652963e-5,0.001137602158113706,NA,9260.447302506327,NA,92.98236582304045,0,4.847121625528174e-4
MWI,0,49.72439835,814,6373212640.84604,9.33346903,1.284885678091343,16745303,TRUE,NA,Malawi,Eastern Africa,Africa,6.70995970319972e-4,0.014432459135364667,NA,380.59703314093747,NA,NA,2.969453484956349e-6,4.8610646221212e-5
MYS,5,264.928413,2111,296636282166.176,3.89755195,8.30579153711732,30270962,FALSE,4.3265523910522461,Malaysia,South-Eastern Asia,Asia,0.0039297900192362956,0.015472526784261802,NA,9799.367531371352,NA,NA,8.751899361506912e-6,6.973679924675007e-5
NAM,0,96.76954574,NA,11650656642.2655,9.86479841,4.0558053379319405,2314904,TRUE,NA,Namibia,Southern Africa,Africa,NA,NA,NA,5032.889762281934,NA,64.27912345393156,4.180283318012323e-5,NA
NCL,0,0,231,NA,NA,23.601321585903083,272400,NA,NA,New Caledonia,Melanesia,Oceania,NA,NA,NA,NA,NA,204.84581497797356,0,8.480176211453745e-4
NER,0,117.7397388,1915,7217667780.59665,7.09101535,0.9461963237756781,20001663,FALSE,NA,Niger,Western Africa,Africa,0,7.061699367352515e-4,NA,360.853384070947,NA,NA,5.886497477734726e-6,9.574203904945304e-5
NFK,0,NA,4,NA,NA,NA,NA,NA,NA,Norfolk Island,Australia and New Zealand,Oceania,NA,NA,NA,NA,NA,NA,NA,NA
NGA,6,937.8477524,15778,494583180777.103,3.57255253,0.6619917710224117,181137448,TRUE,NA,Nigeria,Western Africa,Africa,0,0.004603982683807062,NA,2730.4303237014965,NA,3.3217868896993625,5.177547562666335e-6,8.710512472274645e-5
NIC,0,26.10348951,492,12756717322.7625,7.9155865500000004,0.6469620326389469,6223240,FALSE,NA,Nicaragua,Central America,Americas,0,0.009594754112925227,NA,2049.851415462444,NA,23.396173054550363,4.194517568019231e-6,7.905849686015644e-5
NIU,0,0,12,NA,NA,NA,NA,NA,NA,Niue,Polynesia,Oceania,NA,NA,NA,NA,NA,NA,NA,NA
NLD,8,1543.031344,2846,765264949780.999,10.39499588,11.685330564961836,16939923,TRUE,4.1118221282958984,Netherlands,Western Europe,Europe,0.03338561152488623,0.04373895465822506,0.02574893640307574,45175.23189337986,NA,NA,9.108845087430445e-5,1.6800548621147805e-4
NOR,41,401.8052176,1017,386663139402.707,10.10889268,14.29695870201771,5188607,FALSE,5.924830436706543,Norway,Northern Europe,Europe,1.5588693841649912e-4,7.236659367951148e-4,0.0012141987242433277,74521.56993248996,NA,NA,7.743990200067186e-5,1.9600636548499433e-4
NPL,29,54.16669714,1783,21410840908.5198,6.21927182,1.9184801231581041,27015031,FALSE,NA,Nepal,Southern Asia,Asia,0,0.032225461528951234,NA,792.5528905933811,NA,NA,2.005057745075325e-6,6.600029442868306e-5
NRU,0,NA,9,99964019.3044941,11.35382965,25.4749498997996,12475,TRUE,NA,Nauru,Micronesia,Oceania,NA,NA,NA,8013.147840039607,NA,NA,NA,7.214428857715431e-4
NZL,16,159.8218736,2693,177208110322.704,9.30662416,22.624105141762954,4595700,TRUE,10.858542442321777,New Zealand,Australia and New Zealand,Oceania,0.009651220177708076,0.0027806336578087673,0.012412254933960006,38559.54703803643,NA,68.08538416345715,3.4776393933459536e-5,5.859825489044106e-4
OMN,0,71.50132555,630,68921456436.9311,4.30537627,43.234767823013264,4267348,FALSE,NA,Oman,Western Asia,Asia,0.007494462924948016,0.003995308721486171,NA,16150.88725759678,127.10470296774484,61.72451836597343,1.6755447540252167e-5,1.4763267490722575e-4
PAK,7,651.2182722,8858,270556126820.064,2.68711914,1.8196917443921976,199426964,TRUE,7.0677900314331055,Pakistan,Southern Asia,Asia,3.0863585674973347e-4,0.033398293855712816,NA,1356.6677313508317,NA,NA,3.2654474557412406e-6,4.4417263454905724e-5
PAN,0,42.08753693,206,54091700000,6.79468654,4.654418673917793,3968487,FALSE,NA,Panama,Central America,Americas,5.830284498361116e-4,0.002326076884253961,NA,13630.307973794546,NA,64.33182217807442,1.0605436512706228e-5,5.1908951698720446e-5
PCN,0,NA,NA,NA,NA,NA,NA,NA,NA,Pitcairn Islands,Polynesia,Oceania,NA,NA,NA,NA,NA,NA,NA,NA
PER,0,268.7288427,2256,189759138299.209,5.12107095,0.29825668131263267,30470734,FALSE,3.3637797832489014,Peru,South America,Americas,1.3940831644317322e-4,0.018046979901437898,NA,6227.5867164607525,NA,14.377730447845464,8.819244154079122e-6,7.40382558556023e-5
PHL,6,295.760242,3550,292774099013.687,4.32136857,0.20747755931916037,102113212,TRUE,2.2495124340057373,Philippines,South-Eastern Asia,Asia,2.9333655295779804e-4,0.013645977046669103,NA,2867.1519902212754,NA,NA,2.8963954439118026e-6,3.4765334773721545e-5
PLW,0,0,6,293124000,10.51146942,32.06340220775545,17665,TRUE,NA,Palau,Micronesia,Oceania,NA,NA,NA,16593.489951882253,NA,NA,0,3.396546844041891e-4
PNG,6,89.29565693,368,21723378124.5485,2.50788426,0.3179910641328848,8107775,TRUE,NA,Papua New Guinea,Melanesia,Oceania,0,6.664248956583907e-5,NA,2679.32671103336,NA,2.4544341696704706,1.1013583496088631e-5,4.5388531378830816e-5
POL,14,1335.479042,1602,477577397532.829,6.34338904,1.6305909597358128,37986412,FALSE,9.2699079513549805,Poland,Eastern Europe,Europe,2.9867177914380864e-4,0.005285619283995698,0.012609772146945598,12572.321848476477,116.62064845713778,204.66002422129262,3.515675663181876e-5,4.217297490481596e-5
PRI,0,20.36518309,506,103375500000,NA,7.917041684733756,3473166,NA,NA,Puerto Rico,Caribbean,Americas,NA,NA,NA,29764.053892039712,NA,145.42927116066437,5.863578962249428e-6,1.4568840072717515e-4
PRK,0,59.7502131,316,NA,NA,0.19241709552314773,25183833,FALSE,NA,North Korea,Eastern Asia,Asia,NA,NA,NA,NA,NA,NA,2.3725623140845956e-6,1.2547732507597236e-5
PRT,8,356.7962681,1329,199420256049.689,8.97184486,8.083132427296343,10358076,FALSE,9.2659244537353516,Portugal,Southern Europe,Europe,0.018727686163783886,0.0350041338943055,0.01747428769590028,19252.63495360422,NA,NA,3.44461913679722e-5,1.283056814798424e-4
PRY,0,82.53539939,1172,36164068797.2511,7.81978742,2.339182860285022,6688746,FALSE,NA,Paraguay,South America,Americas,2.4897640944329836e-5,0.025682479872690615,NA,5406.70385708339,78.77410803161011,61.32689146814665,1.2339442907534536e-5,1.7521968990899043e-4
PSE,28,81.30788612,667,12673000000,NA,5.983641570251883,4270092,FALSE,NA,Palestinian Territories,Western Asia,Asia,2.68050185433599e-5,0.022977133670007102,NA,2967.851746519747,NA,48.10200810661691,1.90412492564563e-5,1.5620272350103933e-4
PYF,0,0,377,NA,NA,11.005257685153996,273124,NA,NA,French Polynesia,Polynesia,Oceania,NA,NA,NA,NA,NA,87.5060412120502,0,0.001380325419955771
QAT,0,57.03365499,697,161739835164.835,3.09957023,65.77672457136622,2565710,FALSE,NA,Qatar,Western Asia,Asia,7.915316586636056e-4,2.9831859263876865e-5,NA,63039.01655480744,NA,NA,2.2229189966909746e-5,2.7165969653624144e-4
ROU,0,358.360896,1207,177893451831.141,4.94411454,1.1452813080843205,19815481,FALSE,NA,Romania,Eastern Europe,Europe,0.009951620044342165,0.02573812303864964,NA,8977.498544251386,66.20076494736615,47.08944486384156,1.8084895138301212e-5,6.0911970796974344e-5
RUS,0,5610.526447,21953,1363594369511.4,5.27700319,8.080172733800532,144096870,FALSE,6.2389521598815918,Russia,Eastern Europe,Europe,2.1176267477803333e-4,0.00638433355010067,NA,9463.039478313442,23.976926077575452,23.407170468033065,3.8935796780318684e-5,1.5234890251259448e-4
RWA,0,34.02701723,516,8277613193.57631,6.51938268,3.8835626939087637,11369071,TRUE,NA,Rwanda,Eastern Africa,Africa,0,0.0023180291892462793,NA,728.0817573904069,NA,11.41693987134041,2.992946145731696e-6,4.538629409562136e-5
ESH,0,45.57969185,4,NA,NA,NA,NA,NA,NA,Western Sahara,Northern Africa,Africa,NA,NA,NA,NA,NA,NA,NA,NA
SAU,5,679.108282,11101,654269902880,5.99834034,32.11442064764726,31717667,FALSE,11.117453575134277,Saudi Arabia,Western Asia,Asia,4.4509154206564656e-5,0.011231146523253322,NA,20627.932782067484,78.9906773408019,68.83860657216687,2.1411041423696137e-5,3.499942161571972e-4
SDN,0,382.9015267,3329,96741742021.6738,6.80492247,1.2941872017417702,38902950,TRUE,NA,Sudan,Northern Africa,Africa,0,0.008055020870157756,NA,2486.745658662744,NA,NA,9.842480498265555e-6,8.557191678266045e-5
SSD,0,NA,1566,12374452028.1893,NA,7.690820293070197,10715658,TRUE,NA,South Sudan,Northern Africa,Africa,0,0.0025159417103139082,NA,1154.8009490587792,NA,NA,NA,1.4614128222457267e-4
SEN,3,44.90255608,2789,17767704596.9267,5.58568729,1.8056915343384372,14578459,FALSE,NA,Senegal,Western Africa,Africa,0,3.510878383851e-4,NA,1218.7642464081218,NA,6.9554676526510795,3.0800618968026728e-6,1.9130965762567909e-4
SGP,2,NA,1030,308004146057.608,4.18938631,45.95550281643981,5535002,TRUE,5.6566071510314941,Singapore,South-Eastern Asia,Asia,0.0537956983894007,0.028162917727015246,NA,55646.6187469504,NA,275.17605233024307,NA,1.8608846031130613e-4
SGS,0,NA,NA,NA,NA,NA,NA,NA,NA,South Georgia & South Sandwich Islands,NA,NA,NA,NA,NA,NA,NA,NA,NA,NA
SHN,0,NA,NA,NA,NA,NA,NA,NA,NA,St. Helena,Western Africa,Africa,NA,NA,NA,NA,NA,NA,NA,NA
SLB,0,0,102,1154650066.30195,5.24872732,0.42860601076406274,603118,TRUE,NA,Solomon Islands,Melanesia,Oceania,NA,NA,NA,1914.4679255169801,NA,NA,0,1.6912113384113888e-4
SLE,0,11.47934231,8764,4218723875.1379,20.4146101,1.2718083345673135,7171914,TRUE,NA,Sierra Leone,Western Africa,Africa,0,0.0021106856631400027,NA,588.2284527028489,NA,0.43224165822401106,1.6005967598049837e-6,0.001221988997637172
SLV,0,28.45024766,763,23438240000,6.86405934,0.6647300511420804,6325124,FALSE,NA,El Salvador,Central America,Americas,6.618893739461666e-4,0.041733053804381214,NA,3705.5779459817704,25.580526168340732,31.193064357315368,4.497974689508063e-6,1.2063004614613089e-4
SOM,0,91.50427774,2014,4049001422.23844,NA,0.1833052950377399,13797201,FALSE,NA,Somalia,Eastern Africa,Africa,0,0.0021680901250824606,NA,293.4654226055299,NA,NA,6.63208992461587e-6,1.4597163584121155e-4
SPM,0,0,1,NA,NA,NA,NA,NA,NA,St. Pierre & Miquelon,Northern America,Americas,NA,NA,NA,NA,NA,NA,NA,NA
SRB,15,NA,414,39628549949.7295,9.40507907,11.379808531829783,7095383,FALSE,10.637495994567871,Serbia,Southern Europe,Europe,0.011046393258277372,0.026923987739987516,NA,5585.1178082605975,NA,NA,NA,5.834780166201035e-5
STP,0,0,75,318265835.263324,5.349902,1.2004091620201371,199432,FALSE,NA,São Tomé & Príncipe,Middle Africa,Africa,0,0.07287250917400832,NA,1595.8614227572507,NA,NA,0,3.760680332143287e-4
SUR,0,16.4987714,208,4787367928.11777,6.70557138,8.376390297294252,559143,FALSE,NA,Suriname,South America,Americas,0,3.8643363697499576e-5,NA,8561.974178551409,NA,40.95553373645025,2.950724841409085e-5,3.7199786101229916e-4
SVK,0,139.6366143,291,87769595120.4718,6.86754028,3.2668971446408155,5423801,FALSE,9.2411832809448242,Slovakia,Eastern Europe,Europe,0.009755455255601245,0.0034539912549886036,NA,16182.303723988362,51.200256056592046,397.3228368813679,2.5745158109598783e-5,5.365241091994341e-5
SVN,3,25.10087488,266,43102044290.9563,8.50174063,11.435059613836671,2063531,FALSE,6.2749266624450684,Slovenia,Southern Europe,Europe,0.043620064452360253,0.10880815887389426,0.004070692419934569,20887.519640342838,237.89320344593804,NA,1.2164040608064526e-5,1.2890525996459468e-4
SWE,23,785.8891986,1409,498117638852.897,11.00812884,16.733747068378946,9799186,FALSE,4.8191709518432617,Sweden,Northern Europe,Europe,1.884558559624154e-4,0.0024506571817275056,0.0013836353346084052,50832.55270926554,NA,NA,8.01994368307735e-5,1.4378745336602447e-4
SWZ,0,2.9850698,201,4020275298.02726,7.772143,2.8603026690965216,1104044,TRUE,NA,Swaziland,Southern Africa,Africa,NA,NA,NA,3641.408583378253,NA,NA,2.7037598139204598e-6,1.8205796145805784e-4
SXM,0,NA,3,NA,NA,70.3026400515132,38825,NA,NA,Sint Maarten,Caribbean,Americas,NA,NA,NA,NA,NA,6199.613650998068,NA,7.7269800386349e-5
SYC,0,0,156,1377495054.04127,3.34871697,13.692075487855789,93419,TRUE,NA,Seychelles,Eastern Africa,Africa,0,6.035085190041583e-4,NA,14745.341462028817,NA,316.85203224183516,0,0.0016698958455988611
SYR,0,136.3302002,2231,NA,NA,4.862861363147404,17997408,FALSE,NA,Syria,Western Asia,Asia,NA,NA,NA,NA,NA,NA,7.574990809787721e-6,1.2396229501492658e-4
TCA,0,0,21,893501650,NA,32.48381090019733,35981,NA,NA,Turks & Caicos Islands,Caribbean,Americas,NA,NA,NA,24832.59637030655,NA,3657.4858953336484,0,5.83641366276646e-4
TCD,0,119.9903055,3195,10945989471.6286,4.54621344,3.663588093664683,14110975,FALSE,NA,Chad,Middle Africa,Africa,0,7.374481787071364e-4,NA,775.7075235147536,NA,NA,8.503332016391497e-6,2.2641950680232938e-4
TGO,0,90.89763042,578,4179185205.16122,6.24938169,3.7803909187812144,7323158,FALSE,NA,Togo,Western Africa,Africa,0,0.016148993568567263,NA,570.6807370756196,NA,NA,1.2412354126457464e-5,7.89276975862053e-5
THA,0,315.5859027,3802,401295970240.337,3.6669476,5.694951390980575,68714511,FALSE,7.0452852249145508,Thailand,South-Eastern Asia,Asia,0.006643040066919764,0.04158194708510609,NA,5840.04694787593,NA,NA,4.592711177119488e-6,5.533037992513692e-5
TJK,0,43.9139413,590,7854602391.65355,6.85367879,3.2535851549107715,8454028,NA,NA,Tajikistan,Central Asia,Asia,0,1.3768997411622294e-4,NA,929.095857223746,NA,4.897073915534701,5.1944400113176816e-6,6.978921763684719e-5
TKM,0,88.68570821,579,35799714285.7143,6.2979362,3.528766800346505,5565287,NA,NA,Turkmenistan,Central Asia,Asia,0,0.0014053464113839688,NA,6432.680701950197,NA,NA,1.593551387556473e-5,1.040377612151898e-4
TLS,0,6.892868324,33,3092624754.7917,3.49424362,0.9056241651355594,1196302,FALSE,NA,Timor-Leste,South-Eastern Asia,Asia,NA,NA,NA,2585.1538781943855,NA,NA,5.761812923492563e-6,2.7585007799034023e-5
TON,0,0,16,435438217.281663,4.66809287,5.686587749675038,100781,TRUE,NA,Tonga,Polynesia,Oceania,NA,NA,NA,4320.637990113841,NA,72.03738799972217,0,1.5876008374594418e-4
TTO,5,32.07747104,171,25121524774.9867,6.21744691,3.6402233625818052,1370328,TRUE,NA,Trinidad & Tobago,Caribbean,Americas,0,3.6994569729515634e-4,NA,18332.490305231084,NA,37.87414400056045,2.3408608041286466e-5,1.2478764208277143e-4
TUN,41,134.3173588,2865,43152528548.124,7.00675038,0.5071668931584572,11179949,NA,18.026027679443359,Tunisia,Northern Africa,Africa,7.85756968150458e-4,0.09381362175533497,NA,3859.8144363739048,NA,NA,1.201412983189816e-5,2.562623496761926e-4
TUR,49,816.6439876,2639,859796872677.614,4.13853307,3.775548597341411,78529409,FALSE,18.456716537475586,Turkey,Western Asia,Asia,0.0011703702397360442,0.022916370163849058,NA,10948.72460682359,NA,52.35490821024771,1.039921219323069e-5,3.3605244628798874e-5
TWN,45,79.42511126,2748,NA,NA,NA,NA,FALSE,8.690363883972168,Taiwan,Eastern Asia,Asia,NA,NA,NA,NA,NA,NA,NA,NA
TZA,3,265.6569422,2077,47378599025.3044,3.78969995,0.5073982909926149,51482633,TRUE,NA,Tanzania,Eastern Africa,Africa,0,0.0035651582249147094,NA,920.2831375253165,NA,2.2085117519144757,5.1601273423602865e-6,4.034370192371474e-5
UGA,0,303.8909688,5754,27102650386.6012,6.33395034,1.9606595636682187,38225453,TRUE,NA,Uganda,Eastern Africa,Africa,1.1411610878945695e-4,0.006137788505076943,NA,709.021038589162,NA,NA,7.949963831690889e-6,1.5052797412237339e-4
UKR,0,538.7118864,6965,91030959454.6961,6.9562258,10.707567202917817,45154029,FALSE,NA,Ukraine,Eastern Europe,Europe,0.014770797309559004,0.039066317352942505,NA,2016.009677778612,51.68088101285491,28.845709427169833,1.1930538610408387e-5,1.542498012746548e-4
URY,9,86.69942688,420,53274304222.136,9.00828933,2.1043027729411032,3412009,FALSE,6.6124024391174316,Uruguay,South America,Americas,3.8341523738779715e-4,0.012306300468352014,NA,15613.764272642891,NA,96.30689719751618,2.5410081532610262e-5,1.2309463427558369e-4
USA,152,44207.0894,91373,18219297584000,16.81565916,14.53723059793793,320742673,TRUE,10.297452926635742,United States,Northern America,Americas,0.007394842811904971,0.004286470162471221,0.042220855345930224,56803.47243349188,40.64442027020209,55.0459963274048,1.3782727750728696e-4,2.8487946161127116e-4
UZB,0,281.506872,364,81847410181.7953,6.0955821,3.741022847448313,31298900,NA,NA,Uzbekistan,Central Asia,Asia,0,0.006441564844006106,NA,2615.0251344870044,11.15374661729326,6.128010888561579,8.99414586455115e-6,1.1629801686321245e-5
VAT,0,NA,1,NA,NA,NA,NA,FALSE,NA,Vatican City,Southern Europe,Europe,NA,NA,NA,NA,NA,NA,NA,NA
VCT,0,0,62,755458031.415067,3.50632727,4.193388793198226,109148,TRUE,NA,St. Vincent & Grenadines,Caribbean,Americas,NA,NA,NA,6921.409750202175,NA,189.6507494411258,0,5.680360611280097e-4
VEN,18,511.0596478,1834,NA,5.12893425,4.668758671555509,30081829,FALSE,8.0566320419311523,Venezuela,South America,Americas,NA,NA,NA,NA,NA,2.9320025720510543,1.6988981880057892e-5,6.096703760931558e-5
VNM,2,186.0189152,7511,193241108709.536,5.65262114,0.07854477411436675,92677076,NA,9.4232902526855469,Vietnam,South-Eastern Asia,Asia,8.366715761449235e-4,0.11976604951996898,NA,2085.1014840987864,NA,8.571699003537832,2.0071728978587972e-6,8.104485299039862e-5
VUT,0,0,74,737917151.424178,4.15322859,1.1754508907166303,271130,TRUE,NA,Vanuatu,Melanesia,Oceania,NA,NA,NA,2721.6359363559104,NA,105.85328071404861,0,2.7293180393169326e-4
WLF,0,0,3,NA,NA,NA,NA,NA,NA,Wallis & Futuna,Polynesia,Oceania,NA,NA,NA,NA,NA,NA,NA,NA
WSM,0,NA,4,804100573.408688,5.67470959,2.5471156976533877,193513,TRUE,NA,Samoa,Polynesia,Oceania,0,0.0019139210328827903,NA,4155.279352853235,NA,71.82979954835076,NA,2.067044591319446e-5
YEM,0,86.35354833,1389,42628328212.1041,5.60372913,1.2987110029783882,26497889,FALSE,NA,Yemen,Western Asia,Asia,0,0.004810453344069303,NA,1608.744312126302,NA,1.5020064428528628,3.25888406921774e-6,5.241927007845795e-5
ZAF,26,1506.029803,6538,317415623434.305,8.19779026,5.673798752678615,55386367,TRUE,8.7426633834838867,South Africa,Southern Africa,Africa,3.1024036225608546e-4,0.012005287527344057,NA,5730.934174366501,NA,25.190314432430636,2.719134481234344e-5,1.1804348893293543e-4
ZMB,0,84.48857988,1857,21154394545.895,4.43510226,0.8055424900284086,15879361,TRUE,NA,Zambia,Eastern Africa,Africa,0,0.00468854912320081,NA,1332.1943210369109,NA,NA,5.320653638392628e-6,1.1694425235373136e-4
ZWE,0,68.97168308,3590,19963120600,9.25619679,2.887272615138633,13814629,TRUE,NA,Zimbabwe,Eastern Africa,Africa,9.61773481446583e-6,0.008674217446745274,NA,1445.071061987984,NA,14.890012609097212,4.992655472687686e-6,2.5986944709119585e-4
