iso3c,n_amr_events,health_expend_perc,ln_migrant_pop_perc,ln_population,english_spoken,human_consumption_ddd,ab_export_perc,ab_import_perc,ln_livestock_consumption_kg_per_capita,ln_gdp_per_capita,ln_tourism_inbound_perc,ln_pubs_sum_per_capita,ln_promed_mentions_per_capita
ABW,0,NA,3.544186406181323,11.555419660582594,TRUE,NA,0.0169795877957659,1.4507990867579926e-4,NA,10.157989460703831,7.470669349621709,-10.792515864662313,-7.136579052785996
AFG,0,10.09395812,0.10533863453604218,17.35396248022591,TRUE,NA,0,0.00609714777022808,NA,6.360380382352261,NA,-12.576106922537646,-9.934581897307218
AGO,0,2.9504308,-0.9592726181762437,17.1435772692449,FALSE,NA,0,5.640975345388002e-4,NA,8.334946755928206,NA,-12.019475922491253,-8.330138774716392
ALB,0,6.81974032,0.6931808523292766,14.873544919547472,FALSE,NA,0,9.225892866232981e-4,NA,8.282187254681409,4.965655332819522,-11.926847923200658,-9.843106998155035
FIN,13,9.74289421,1.7517609540336687,15.516530071320078,FALSE,7.191944122314453,1.4543562530573424e-4,2.770016991123491e-4,-6.043825434876404,10.657133620509642,NA,-8.34883772567172,-9.106355189353911
AND,0,10.26117376,3.9879404394177755,11.264605121369573,FALSE,NA,0,0,NA,10.492375097253992,9.21658915437711,-9.192266891454334,-8.866709848571203
ARE,0,3.58545347,4.47041516358518,16.04152773253933,TRUE,10.523001670837402,2.4076084735917292e-4,0.009035641523937243,NA,10.562648276263543,NA,-10.558160438753953,-8.888476097601849
ARG,25,8.74331517,1.5762989140345565,17.579774950705943,TRUE,6.165661334991455,1.0378721507351434e-4,0.014465859408343018,NA,9.531630833931786,2.9021833642985855,-10.547605088046874,-9.609380043514516
ARM,0,10.11762751,1.8772461548407327,14.888994080607597,FALSE,NA,6.159188875987257e-5,4.4414081546897597e-4,NA,8.19071393333516,NA,-11.730942862801546,-8.820568492363487
ASM,0,NA,3.7280229820999633,10.929744179012097,TRUE,NA,0,0,NA,9.379520218803863,4.435454286980503,NA,-6.695637674414838
AUS,9,9.33006717,3.346377379422498,16.98586797173483,TRUE,11.038069725036621,1.7188786106198494e-4,0.005940664899827194,-3.6104139666483412,10.946383098139643,3.443026804609002,-9.15368405226282,-7.919744450519058
ATG,0,4.71598097,3.4016675274159964,11.44642234861195,TRUE,NA,0,4.4717653900629313e-4,NA,9.583735910324059,6.862208891531793,-16.11809565095832,-7.732850281907641
AUT,6,10.34288459,2.8488234083049924,15.972225476257695,FALSE,7.151951313018799,0.050063576304900964,0.06255423044668272,-4.921335470884024,10.69595214011946,NA,-9.245296830145298,-9.362876233090313
AZE,0,6.83903754,1.0073868496561416,16.08240018082785,FALSE,NA,0,3.357964882742032e-5,NA,8.612561641709595,3.03442325266426,-12.07763132285574,-10.329827542002217
BDI,0,4.88310844,1.037773487725167,16.133971952866155,TRUE,NA,0,0.008074113038319567,NA,5.722112687755115,NA,-13.218132167102606,-8.802911647647523
BEL,15,10.10563808,2.5104742448304553,16.238027132606476,FALSE,12.612537384033203,0,0,-3.629828280233651,10.607600687688116,NA,-9.808556215456035,-9.030167261173998
BEN,0,3.99181962,0.8417176197737187,16.174093302485392,FALSE,NA,0,0.03675905945916512,NA,6.664361924599767,0.970043944306201,-11.854127163392084,-8.881756126311515
BFA,0,5.82531598,1.3586543023100999,16.7120092853676,FALSE,NA,0,4.559805634636121e-5,NA,6.354916768143082,NA,-13.257167318785962,-8.82856293122986
BGD,0,2.46311455,-0.09369699293842564,18.867008012174136,FALSE,4.306028366088867,1.8090649493670734e-5,0.04953697023444734,NA,7.129660782458268,NA,-13.013183825663356,-10.804575220590941
BGR,19,8.20309288,0.35247541132864163,15.786530096857753,FALSE,9.419512748718262,0.07917785006920226,0.06532217625944962,-5.045795019787922,8.852776959562465,4.8659913355629,-10.444345394352418,-8.987474234798956
BHR,0,4.97506622,3.9382269236810252,14.131671480787407,TRUE,NA,0,1.7323988953561888e-4,NA,10.02963305398627,6.558037572630162,-10.250311919368931,-8.375929267200496
BHS,0,5.98754448,2.763074219394075,12.832561726899886,TRUE,NA,0,4.4749234670081326e-4,NA,10.358150886146822,7.398373068916698,-12.583008175720142,-8.35522491242168
BIH,0,9.34804253,0.014744550521090262,15.047884504410519,FALSE,7.459571361541748,4.235198796196567e-5,0.0019886357809228566,NA,8.461104744157806,NA,-11.979071945306117,-9.522431565278733
BLR,0,6.06528028,2.4346192827039186,16.06570870612149,FALSE,NA,0.008389446732188624,0.0811002845365795,NA,8.690996286753824,3.83338968782657,-11.176755145235951,-9.486457494111391
BLZ,0,5.88424805,2.702865927831519,12.796447624522163,TRUE,NA,0,0.002605956781457843,NA,8.493551723447652,5.885827857118666,-11.796360841282084,-7.291116088589799
BOL,0,6.42235639,0.2742007494120218,16.201492419782458,FALSE,NA,0,0.01572888713750218,NA,8.01828698659379,NA,-11.163871117621726,-9.239248955516253
BRA,50,11.4647339,-1.0527372728365276,19.135940475017748,FALSE,5.8552422523498535,0.0027730813269594644,0.01485085086267413,NA,9.084096757361605,NA,-10.991224809245638,-8.525674076690729
BRB,0,7.01271476,2.4917792330091912,12.561380655640402,TRUE,NA,0,0.002258740878897942,NA,9.684489882696166,6.023966709867197,-16.11809565095832,-8.072744285908263
BRN,0,2.3870891,3.2092491768225906,12.935809677713946,TRUE,NA,0,0.001278137758319267,NA,10.3470368958509,NA,-10.827168618230402,-8.965517764161824
BTN,0,3.65892296,1.9489413891160687,13.497885983000748,FALSE,NA,0,0,NA,7.94799356059336,NA,-12.17833398489494,-7.0601343332643465
BWA,0,5.96507028,2.0248518760846514,14.567264325477337,TRUE,NA,0,0,NA,8.824659542985238,4.360234020843479,-10.231147590906211,-7.818504777985659
CAF,0,6.30899109,0.5966611928647233,15.318069023971274,FALSE,NA,0,8.289155516075494e-4,NA,5.941234617280755,NA,-11.24651506307698,-8.646036078510207
CAN,98,10.37650812,3.0886029891669216,17.390742700015092,TRUE,7.247888088226318,4.741632896203426e-4,0.01357848256630354,-3.203133556358227,10.680402518360225,4.346122051272471,-9.146735927515408,-8.21323548513415
CHE,1,11.89380635,3.3825038180174807,15.929642856482122,TRUE,5.158675670623779,0.19367674188593703,0.05439108850199203,-4.959360533164778,11.315469118353437,NA,-9.235437062034348,-8.366442264124052
CHL,4,8.29995557,0.960279185438112,16.704178253659702,TRUE,4.317286968231201,9.27377229046245e-5,0.023192911145173665,NA,9.515924111923919,3.4188841483695023,-10.837193486051726,-9.133219670490691
CHN,128,4.88872272,-2.6404845228019402,21.038966691465713,FALSE,3.0258612632751465,0.03358827634837915,0.00311063803193677,NA,8.991361641132691,2.2782096658413242,-11.972445729083045,-11.020321769542136
CIV,0,5.26271074,2.237103784282274,16.960789055662023,FALSE,NA,0,0.004040618718648596,NA,7.26294961917044,1.825229005307727,-12.038245669755392,-8.89426756519203
CMR,0,4.69952298,0.494410314718502,16.963893873164356,TRUE,NA,0,4.936756084208959e-4,NA,7.190652881976997,1.3480874538646703,-11.484725523919938,-7.895578001217589
COD,0,3.9869163,-0.3344725727435757,18.149456416793317,FALSE,NA,0,0.005856274808428659,NA,6.209227570922329,NA,-12.380209117026569,-8.131836930212277
COG,0,3.41535064,2.090979723713845,15.395745174956799,FALSE,NA,0,0.0018474353352867768,NA,7.473820833662342,1.5288263418684698,-11.76888713495399,-8.54880203537142
COL,15,6.0226695,-1.2723936643328804,17.676675269115442,FALSE,2.8694586753845215,5.126350135973984e-4,0.02336049679782909,NA,8.728406018592299,2.30802752374054,-11.759539286412942,-9.993271588061617
COM,0,7.68427435,0.47930328851815596,13.56374116906162,FALSE,NA,0,0,NA,7.147604149515187,NA,-16.11809565095832,-7.904258953302
CPV,0,5.31378574,1.0452322224207995,13.17066389790834,FALSE,NA,0,0.0016976449852814319,NA,8.020603745450323,NA,-16.11809565095832,-7.199402058117878
CRI,0,7.78042454,2.1631761347642007,15.394036376871107,TRUE,NA,7.506152664449813e-4,0.00612623278397203,NA,9.332481557269013,4.091010217020776,-12.011144765774349,-8.935698093526318
CUB,9,12.78461066,-2.1391112809793293,16.24250389139805,FALSE,NA,0,0.01794278975818576,NA,8.94819763250835,3.4423035796999977,-11.469769251853311,-10.037946128829361
CUW,0,NA,3.169998304053816,11.97022372171841,TRUE,NA,0.038612133531911175,0,NA,9.901050981658981,6.519983084882566,NA,-9.331166392103151
CYP,0,6.8085447,2.8271124615364256,13.964779340699925,TRUE,NA,0.0366233426138932,0.11143174284017505,-3.0104701633320357,9.73812117014981,5.478352330954986,-10.023035204264515,-8.496719199564794
CZE,18,7.24275683,1.345779341750433,16.171262793595115,FALSE,7.457278251647949,0.012234496271437616,0.008255969629355072,-5.000827637571664,9.782201837596576,5.637327437692469,-10.03765340807387,-10.044393609480931
DEU,21,11.07906625,2.687660781674073,18.21840066635147,FALSE,7.063653469085693,0.003992721232851275,0.0274904246728564,-3.7087434274941664,10.630907121555834,NA,-9.469022851943471,-9.391225894988684
DJI,0,4.38930145,2.508975172554886,13.725578191763633,FALSE,NA,0,0.041665026192160545,NA,7.488560687094636,NA,-12.420514143866665,-8.963404256965877
DMA,0,5.45513319,2.245004314658836,11.17300930484645,TRUE,NA,0.029163286911964514,0.009423282152249243,NA,8.935607488516604,6.220449146524478,-16.11809565095832,-5.423616318938198
DNK,11,10.27382498,2.3098983272964455,15.553074806989798,FALSE,6.718006610870361,0.056925461364129994,0.00417432753812963,-6.185730686203951,10.88284427197657,6.207247012925616,-9.413924401122701,-8.578595895964753
DOM,0,6.04389175,1.3966878699281966,16.14587422876354,FALSE,2.4403276443481445,8.203361313899909e-4,0.013455583279621432,NA,8.808625759941052,4.087838119692421,-11.956700220149694,-8.82667176999569
DZA,22,6.98289165,-0.49408982624575604,17.497567416008984,FALSE,15.404080390930176,0,0.04531805817813697,NA,8.337561365820065,1.4596066984579492,-11.245234449382707,-9.024953267990714
ECU,0,8.58845682,0.8714113612043336,16.60126350038366,FALSE,6.654263496398926,3.6595992113274295e-4,0.02748722982541481,NA,8.720051034845328,2.253793695171291,-11.938490217497343,-9.409081441670413
EGY,36,4.62285691,-0.6314195876739694,18.342097895998233,TRUE,9.104018211364746,1.0832254944555837e-4,0.04790906643337904,NA,8.188403235860315,2.311603477562269,-12.138493909947975,-9.559008224202136
ESP,64,9.12012883,2.533851306543555,17.653775757615602,FALSE,14.290908813476562,0.03759758789470304,0.02470673379533668,-3.280937742233919,10.158803443490834,5.465875121395524,-10.467177753456717,-9.142198304985001
EST,0,6.48181399,2.733257770968252,14.089656681410414,FALSE,4.368606090545654,5.492417510881572e-4,0.017909289545509185,-5.153753155135992,9.764940670383002,6.070788236651626,-10.362535538182795,-8.462035567719777
ETH,0,3.97593223,0.06209105856296852,18.429000617619447,TRUE,NA,0,0.019681781398166964,NA,6.460380647294155,NA,-13.266623490066756,-11.239078446873641
FJI,0,3.56886339,0.4593679306074916,13.674669083103545,TRUE,NA,0,3.1307748479762216e-5,NA,8.59243892112209,4.605599507132076,-16.11809565095832,-8.556675270686789
FRA,96,11.50136047,2.4586892663518656,18.01411552093964,FALSE,12.889975547790527,0.005816718166158838,0.043143230662860105,-4.201609471995666,10.508168895690458,5.721257781276943,-9.718355123867152,-9.342314611296965
FRO,0,NA,2.4407414734241164,10.780018225836406,FALSE,NA,0,0,NA,10.866750784927445,NA,-16.11809565095832,-8.382122953038035
GAB,0,2.65743937,2.6231916965453643,14.482152559226865,FALSE,NA,9.288236989815248e-5,0,NA,8.906765576379883,NA,-10.917837059666164,-8.073623768167367
GBR,31,9.79273451,2.5739286823421,17.991878342268944,TRUE,9.038745880126953,0.006600853000384145,0.009834591263930617,-5.036750884240529,10.702618467795102,4.015510693186232,-9.159258716489262,-8.282764685050946
GEO,0,7.93235924,1.5110003943924197,15.130651501010707,FALSE,NA,0,0.0027325979800822435,NA,8.231212009780963,4.949399524123968,-11.564885248966057,-7.964385526877068
GHA,0,6.08769695,0.36075165865414055,17.14231497814916,FALSE,NA,0,0.03243785755214183,NA,7.4764756092966165,NA,-11.243309986164515,-8.860084914852473
GIN,0,5.82712195,0.6921461625676935,16.251934696252906,FALSE,NA,0,3.9334766536866853e-4,NA,6.645423831846413,NA,-12.800014578407247,-6.674177283806089
GMB,0,4.76148864,2.2225375911234053,14.550691798196643,TRUE,NA,0,0.0022472480460108803,NA,6.504858673751163,NA,-12.86836749456368,-8.613155593114216
GNB,0,6.51981283,0.25120453928850633,14.36778633092006,FALSE,NA,0,1.6644267926226584e-4,NA,6.402180036049904,NA,-12.580495516775393,-7.6560459358638795
GNQ,0,2.70818175,-0.07650588667520035,13.971289625533982,FALSE,NA,0,1.0939898479491826e-4,NA,9.330691568534153,NA,-12.61772465532146,-8.817998031036204
GRC,37,8.19431265,2.4408290542972333,16.196988436185933,TRUE,14.629643440246582,4.1409293156846876e-4,0.028032620807390444,NA,9.807404628672398,5.486163876752278,-9.93955327282136,-9.060505227595687
GRD,0,4.86385599,1.8623619676220855,11.604583529366836,TRUE,NA,0,0,NA,9.115685748302928,5.988275130698982,-16.11809565095832,-7.461448802975304
GRL,0,NA,2.3710431955775415,10.935140614744478,TRUE,NA,0,9.18680984132082e-5,NA,10.704062140692603,NA,-9.60802855137189,-7.602936104569274
GTM,0,5.51590055,-0.755473241046856,16.603752932492537,FALSE,NA,0.004380064096670114,0.015208435564081522,NA,8.274758084816314,2.440188864555609,-12.471698777772264,-10.43414220000108
GUM,0,NA,3.850385377877056,11.994443794863793,TRUE,NA,0,0,NA,10.471041065750537,NA,-16.11809565095832,-7.637734968174201
GUY,0,4.45280875,0.695448318086906,13.550805155169801,TRUE,NA,0,6.279523292746288e-4,NA,8.334743984656338,NA,-10.394276293271384,-7.9376770487817305
HND,0,7.71396922,-1.177576450490533,16.025203305834552,FALSE,NA,0,0.004204848556018282,NA,7.734646346539483,3.134075881581676,-12.814680119330154,-9.663900828261557
HRV,21,7.15420884,2.6191121274150553,15.251452810538451,FALSE,10.596867561340332,0.10932374608908414,0.06497734862480756,NA,9.374169598227507,7.192040689494772,-10.5100385966998,-9.54767033588225
HTI,0,5.3723227,-0.995377532385184,16.185337577101425,FALSE,NA,0,4.0408469387032527e-4,NA,6.704081314721083,2.409296473974378,-13.02424036268475,-8.028253792072555
HUN,0,7.12069992,1.5190809901256752,16.102273945268482,TRUE,7.282086372375488,0.07055011219090142,0.020088274767650613,-3.866642497496765,9.433778445392855,6.196769602619393,-10.402953128689257,-9.968875902271835
IDN,4,3.0053613,-2.061439507968395,19.36995452901158,TRUE,3.6412718296051025,2.7941431917543624e-5,0.010616502106548955,NA,8.111236500777062,1.3932048715965073,-12.284181161887728,-11.375659542595603
IMN,0,NA,3.9950758485051283,11.329411197179212,TRUE,NA,0,0,NA,11.309661499184385,NA,-9.57758429486555,-7.665849551049566
IND,129,3.59770551,-0.9162238739486533,20.99340930556065,FALSE,4.957768440246582,0.04239593000558171,0.04667823267003414,NA,7.381256180068744,NA,-12.741920051799456,-10.929632808095143
IRL,38,7.44604196,2.7645101669265912,15.363489362995674,TRUE,11.411356925964355,0.2269752505757196,0.046748580195155466,-3.8913858925457006,11.03481583515667,NA,-10.046802907451177,-8.443805513148263
IRN,33,7.76057939,1.245160131398821,18.17851000586025,FALSE,NA,2.9121387252976225e-5,0.02855956258100774,NA,8.500267951804778,1.897919553389467,-11.428243065162293,-11.304311510406954
IRQ,0,3.10581652,-0.005190543308198751,17.38707670670628,FALSE,NA,0,0.0012500235402385163,NA,8.515151723985017,NA,-12.28991687683057,-9.86413578863391
ISL,0,8.34576615,2.4285383068689055,12.709314585722742,TRUE,NA,5.203478822954976e-5,0.03947773410742405,-5.906919822398431,10.867207442118554,6.0399502220018295,-8.641416909508397,-5.609287419093483
ISR,2,7.37530683,3.1783038955377134,15.94137040556129,TRUE,NA,0.0052145787380551804,0.01361442196635271,NA,10.487245977291149,3.613611469467692,-9.977510055156456,-8.073116140040678
ITA,59,8.98541669,2.2546607649105628,17.921957951229782,FALSE,11.4661865234375,0.04275181342088066,0.08624737453480064,-3.4499641970771524,10.314620455097513,4.894011101379651,-9.440600388155126,-9.668209607901279
SMR,0,6.80864925,2.6516269878496055,10.412471481422747,FALSE,NA,0,0,NA,10.73148436655404,8.643727330252927,NA,-10.412471481422747
JAM,0,5.65847448,-0.2214659676360586,14.87712028489462,TRUE,NA,0,0.002637855718266486,NA,8.495539931897088,4.849728775698352,-11.511039808668663,-9.339786017876083
JOR,0,6.2844915,3.514030307131896,16.041924397857496,TRUE,6.296494007110596,0.005122087800891524,0.11405188957106227,NA,8.31811069631545,3.9492455083903932,-11.427471648477766,-9.219727007237008
JPN,79,10.87187938,0.4747219735710294,18.660807264786893,FALSE,5.29917573928833,0.008986926870716533,0.009100065170982816,-5.267164862352433,10.449423622936825,2.742368525937442,-10.325798509726047,-10.271447444880542
KAZ,0,3.08749265,3.0065658203742043,16.680154509308306,TRUE,7.5210442543029785,0,0.00317187082283066,NA,9.260155904410599,3.6015007728935866,-10.416815128069205,-9.366934122218005
KEN,9,4.89013852,0.8174942440444646,17.684173684499584,TRUE,NA,4.427276372147122e-5,0.019216015194536126,NA,7.198096325015488,0.9028685966680059,-12.611931786261945,-9.028088494216728
KGZ,0,7.21937462,1.2328554873031152,15.600060769496613,FALSE,NA,0,0.002523034896798156,NA,7.022050314282716,4.206914335575643,-11.163842855116442,-8.949781720909192
KHM,0,6.17148507,-0.7412421610795814,16.557732594212297,FALSE,NA,0,0.028196787750218305,NA,7.058676395067852,NA,-12.970946238471518,-8.684515539349556
KIR,0,7.84410495,1.044625194800447,11.616654650732706,TRUE,NA,0,0,NA,7.341208538760656,2.0004049685077305,-16.11809565095832,-8.21545726907055
KNA,0,5.15236898,2.6766460552869495,10.843553403061053,TRUE,NA,0,0,NA,9.813908484666351,7.612494484728605,-16.11809565095832,-7.547716537056723
KOR,46,7.04921624,0.9562164030782689,17.74762922618088,TRUE,10.941156387329102,0.01943314239891498,0.014995498484495367,-4.1024065213320124,10.207476303948889,3.2556896560528226,-10.933189002468287,-9.401224355744922
KWT,8,4.01473617,4.313811437308232,15.159834087820283,TRUE,6.283645153045654,0,5.356802160367587e-4,NA,10.304594155840803,5.198292512489529,-10.165055972867053,-9.610758002925063
LAO,0,2.45366446,-1.1087453939787002,15.723743168274247,TRUE,NA,0,8.004368879536343e-4,NA,7.666083379212967,4.241090021413591,-12.331315931485449,-8.816988389625692
LBN,35,7.82593249,3.420387781402391,15.692327524379191,TRUE,9.299132347106934,0,0.01691465374942572,NA,8.94243904564817,NA,-11.40224741777179,-9.554600470292957
LBR,0,10.18906067,0.9337857117417155,15.31339772362155,TRUE,NA,0,0,NA,6.565805468612241,NA,-12.571773155273759,-6.233621721666483
LBY,0,NA,2.4861370049100873,15.674666180158022,TRUE,NA,0,0.0011448225515004948,NA,8.375150051100938,NA,-9.94994839379111,-9.370217377736042
LCA,0,5.39024405,1.964257692675814,12.09584474780854,TRUE,NA,0,0,NA,9.122681602637087,6.355365201178649,-16.11809565095832,-7.552549965538535
LIE,0,NA,4.138332077619406,10.531295891787734,FALSE,NA,0,0,NA,12.02748973119834,NA,NA,-7.097308687302587
LKA,0,3.88992047,-1.6896833111297147,16.858603402878103,TRUE,3.8522536754608154,0,0.008016108967192327,NA,8.254211711189832,2.2517183823049205,-12.919444250381648,-9.760227764287317
LSO,0,8.34570567,-1.1419975199384549,14.537741185083705,TRUE,NA,0,0,NA,7.105932019257776,3.9617507392929503,-12.15991399137436,-9.677928780722032
LTU,0,6.47636009,1.5439320548391129,14.8819129667211,FALSE,7.561760902404785,0.002118046594180403,0.003644041317857512,-5.201568965499182,9.567448671227648,5.157759902470177,-10.746915585088047,-8.667304868298908
LUX,0,6.18960579,3.7789860697310043,13.252696661527155,TRUE,11.005009651184082,0,0,NA,11.517199995759288,NA,NA,-7.8914044958177305
LVA,0,5.71063679,2.5882008377409416,14.49735763213377,FALSE,5.1635050773620605,9.5069624703056e-4,0.005307748788501474,-5.702532704119253,9.520739505911127,5.8464031983740075,-10.448319385410386,-8.200248312199836
MAR,1,5.41232575,-1.365148486486646,17.361200789532237,FALSE,6.029621601104736,0.0027281360110080416,0.05026446979580951,NA,7.9789642594226375,3.414847232853144,-11.616988317496622,-9.266212030228461
MCO,0,2.02911782,4.021553192284014,10.53789271307231,TRUE,NA,0,0,NA,12.01926237133738,NA,NA,-9.4392804244042
MDA,0,10.17688536,1.3914838655869142,15.083614675529898,FALSE,NA,0,0.041567727102187924,NA,7.686728545791444,NA,-11.317928019195765,-9.369881870020528
MDG,0,5.50418518,-2.022268419556947,17.003270795028875,TRUE,NA,0,2.307178584772977e-4,NA,5.996671745512126,NA,-12.455832601109986,-8.955761284047453
MDV,0,8.89896749,3.0292688553026603,13.027865867294517,TRUE,NA,0,0,NA,9.10868303696059,NA,-16.11809565095832,-8.539229497562378
MEX,11,5.65276786,-0.02108730440110446,18.618369107589718,FALSE,2.411661386489868,0.007634344906607582,0.015229527916281332,NA,9.170138221878446,4.269701415436802,-11.432176727917192,-10.23402182950691
MHL,0,22.62079944,1.7435088624606032,10.958478794099808,FALSE,NA,0,0,NA,8.048308871442124,NA,-16.11809565095832,-6.130165056797506
MKD,0,6.35398538,1.838504269990166,14.547555322553832,FALSE,NA,6.388981211691851e-4,0.027869479151220546,NA,8.484726428463137,NA,-10.915880714034252,-9.249237956005794
MLI,0,4.11122936,0.7335207633295301,16.674206905182835,FALSE,NA,0,5.062714044947776e-4,NA,6.621632652046841,NA,-11.807274996218924,-9.554571267165198
MLT,0,9.35561461,2.2312716691251224,13.005948655179997,TRUE,NA,0.014851726361897582,0.021085368781767845,NA,10.08773539245057,6.283092286888974,-16.11809565095832,-8.085967729351871
MMR,0,5.19360297,-1.9721650076397188,17.779760216065576,FALSE,NA,0,0.0013532066274403753,NA,7.032626746288391,NA,-12.871197108630513,-9.839176388961334
MNE,0,NA,2.585269638495346,13.340950966063946,FALSE,NA,4.2804887123096074e-4,0.07649210863576317,NA,8.78175084791459,NA,-16.11809565095832,-8.819162389014906
MNG,0,3.8824954,-0.5316422924004219,14.913602377878684,FALSE,NA,0,0.0058340570490994954,NA,8.273484411442697,2.745652344760442,-9.513900194098776,-8.490355414345164
MNP,0,NA,3.658667875217181,10.92917066118148,TRUE,NA,0,0.0029570354457572503,NA,9.72259917405986,6.755455401199664,-16.11809565095832,-8.095957317125263
MOZ,1,5.18223307,-0.19312753051839993,17.112901844859863,FALSE,NA,0,0.0010719780105003165,NA,6.304883979845603,1.7988098955303122,-12.191568011266643,-8.625343458573317
MRT,0,4.64444537,1.2280386862674009,15.213313688406364,FALSE,NA,0,5.934343630596191e-4,NA,7.085325997878493,NA,-10.585850704642365,-8.754975405061575
MUS,5,5.78975132,0.8171199646959721,14.04868760499019,TRUE,NA,6.520289791652963e-5,0.001137602158113706,NA,9.133507631279885,4.532409860368079,-16.11809565095832,-7.6319553224778645
MWI,0,9.33346903,0.25066974792355134,16.633628359000447,TRUE,NA,6.70995970319972e-4,0.014432459135364667,NA,5.941741159616052,NA,-12.694011030141768,-9.931667992997907
MYS,5,3.89755195,2.11695304702668,17.225699461133807,TRUE,4.326552391052246,0.0039297900192362956,0.015472526784261802,NA,9.190073124960854,NA,-11.63487850485197,-9.570782413285485
NAM,0,9.86479841,1.4001492715306285,14.654878775960116,TRUE,NA,0,0,NA,8.523749603552567,4.163234904403149,-10.080157115658114,NA
NER,0,7.09101535,-0.05530520104345277,16.811325978061497,FALSE,NA,0,7.061699367352515e-4,NA,5.888471737528755,NA,-12.02600404511513,-9.253853076446749
NGA,6,3.57255253,-0.41250215360212855,19.014766682261538,TRUE,NA,0,0.004603982683807062,NA,7.912214503486546,1.2005028579290409,-12.152049044916591,-9.348394838606504
NIC,0,7.9155865500000004,-0.4354676683685628,15.643801229415429,FALSE,NA,0,0.009594754112925227,NA,7.625522589243411,3.1525724643114317,-12.358171332930189,-9.44532251292312
NLD,8,10.39499588,2.4583342572750433,16.645183701723305,FALSE,4.111822128295898,0.03338561152488623,0.04373895465822506,-3.6593619574603786,10.718304248670936,NA,-9.302582304053066,-8.691513923073508
NOR,41,10.10889268,2.6600468364660705,15.461975818345426,FALSE,5.924830436706543,1.5588693841649912e-4,7.236659367951148e-4,-6.7136709059658015,11.2188438917573,NA,-9.464717889577438,-8.537363422296865
NPL,29,6.21927182,0.6515332700351464,17.111903972770286,FALSE,NA,0,0.032225461528951234,NA,6.675259242443586,NA,-13.071167658866367,-9.625851354907146
NRU,0,11.35382965,3.2376956124650333,9.431481920619719,TRUE,NA,0,0,NA,8.988838951631534,NA,NA,-7.2342573432835
NZL,16,9.30662416,3.119015937058515,15.340631641668898,TRUE,10.858542442321777,0.009651220177708076,0.0027806336578087673,-4.389070993293364,10.559959001716598,4.220762566970214,-10.263700349203306,-7.442220548857298
OMN,0,4.30537627,3.766644982281478,15.266503114973045,TRUE,NA,0.007494462924948016,0.003995308721486171,NA,9.68973026569262,4.12268123230041,-10.990836657257447,-8.820783295587466
PAK,7,2.68711914,0.5986671155307021,19.110958632026875,TRUE,7.0677900314331055,3.0863585674973347e-4,0.033398293855712816,NA,7.2127867745477054,NA,-12.601949630233406,-10.021882347543732
PAN,0,6.79468654,1.5378170208506556,15.193895471710801,TRUE,NA,5.830284498361116e-4,0.002326076884253961,NA,9.52005111972471,4.164054410500911,-11.444758860228397,-9.86601930292122
PER,0,5.12107095,-1.2098008165362244,17.232277239939883,FALSE,3.3637797832489014,1.3940831644317322e-4,0.018046979901437898,NA,8.736744171802254,2.6656805128442445,-11.627299351052446,-9.510928627321933
PHL,6,4.32136857,-1.5727320930192537,18.44159267730963,TRUE,2.2495124340057373,2.9333655295779804e-4,0.013645977046669103,NA,7.9610744781584435,NA,-12.71810051039453,-10.266889794840168
PLW,0,10.51146942,3.4677152615684017,9.779340559793246,TRUE,NA,0,0,NA,9.716765725851895,NA,-16.11809565095832,-7.9875810905651905
PNG,6,2.50788426,-1.1457319968078326,15.908334035798974,TRUE,NA,0,6.664248956583907e-5,NA,7.893320814715698,0.8978962538957467,-11.407342459417137,-10.000251097630043
POL,14,6.34338904,0.488942501097742,17.452739074796696,FALSE,9.26990795135498,2.9867177914380864e-4,0.005285619283995698,-4.373283198403643,9.439252998009474,5.321350184007535,-10.252853369575377,-10.073730947168391
PRI,0,NA,2.0690176113937957,15.060577127877362,TRUE,NA,0,0,NA,10.301056699160577,4.979689859560918,-12.02983976009149,-8.834040458589898
PRT,8,8.97184486,2.0897794740514164,16.153277063262863,FALSE,9.265924453735352,0.018727686163783886,0.0350041338943055,-4.047024753014901,9.865403211055334,NA,-10.273213249196795,-8.961095004549618
PRY,0,7.81978742,0.8498016633769427,15.71593697058841,FALSE,NA,2.4897640944329836e-5,0.025682479872690615,NA,8.59539491759972,4.116218433014144,-11.294638254008529,-8.649470000451453
PSE,28,NA,1.7890293408588134,15.267145930640151,TRUE,NA,2.68050185433599e-5,0.022977133670007102,NA,7.995593652406188,3.873323924818582,-10.863664904662091,-8.764355884724527
PSE,28,NA,1.7890293408588134,15.267145930640151,TRUE,NA,2.68050185433599e-5,0.022977133670007102,NA,7.995593652406188,3.873323924818582,-10.863664904662091,-8.764355884724527
QAT,0,3.09957023,4.18626604583564,14.757745801403,TRUE,NA,7.915316586636056e-4,2.9831859263876865e-5,NA,11.051509124073897,NA,-10.709615768322813,-8.210960390642477
ROU,0,4.94411454,0.135650290747289,16.801974058851542,FALSE,NA,0.009951620044342165,0.02573812303864964,NA,9.102476563944991,3.8520488753527093,-10.914919245926264,-9.70608083775401
RUS,0,5.27700319,2.0894132502501095,18.78599633970678,FALSE,6.238952159881592,2.1176267477803333e-4,0.00638433355010067,NA,9.15514890835977,3.1530424056813167,-10.151031466654173,-8.789337256282858
RWA,0,6.51938268,1.3567529524085846,16.24640715614408,TRUE,NA,0,0.0023180291892462793,NA,6.590413345998754,2.435098206090185,-12.686386476074196,-10.000300390662517
SAU,5,5.99834034,3.4693051706170097,17.272384402215156,FALSE,11.117453575134277,4.4509154206564656e-5,0.011231146523253322,NA,9.934401396588243,4.2317647295952865,-10.746944200064167,-7.95759392888251
SDN,0,6.80492247,0.257882854658251,17.47658064118889,TRUE,NA,0,0.008055020870157756,NA,7.818730170243423,NA,-11.51869402131828,-9.366153403613863
SSD,0,NA,2.040027447928858,16.18721659424373,TRUE,NA,0,0.0025159417103139082,NA,7.051683269626665,NA,NA,-8.83093671769298
SEN,3,5.58568729,0.5909436399296752,16.49505558622915,FALSE,NA,0,3.510878383851e-4,NA,7.105592711604247,1.9395280628922076,-12.65860989695826,-8.56161719860166
SGP,2,4.18938631,3.827673598246022,15.526602485461757,TRUE,5.656607151031494,0.0537956983894007,0.028162917727015246,NA,10.926776595593628,5.617411083123977,NA,-8.589288404238074
SLB,0,5.24872732,-0.8472171718597974,13.309868144790418,TRUE,NA,0,0,NA,7.557195017325444,NA,-16.11809565095832,-8.684895331506148
SLE,0,20.4146101,0.24043977319289378,15.78568312255886,TRUE,NA,0,0.0021106856631400027,NA,6.377115397447176,-0.8387704531034841,-13.284531333321135,-6.707275421843502
SLV,0,6.86405934,-0.40837425887368084,15.66004019712877,FALSE,NA,6.618893739461666e-4,0.041733053804381214,NA,8.217594516383176,3.4401957738640734,-12.289894636312628,-9.022782165844314
SOM,0,NA,-1.6966022372774392,16.439976303468484,TRUE,NA,0,0.0021680901250824606,NA,5.681759821784604,NA,-11.908624923938852,-8.832098230189976
SRB,15,9.40507907,2.4318406035856226,15.77495484879656,FALSE,10.637495994567871,0.011046393258277372,0.026923987739987516,NA,8.627860804971181,NA,NA,-9.749088874971244
STP,0,5.349902,0.18266246702757125,12.203228605078438,TRUE,NA,0,0.07287250917400832,NA,7.375168946393664,NA,-16.11809565095832,-7.885740491542128
SUR,0,6.70557138,2.1254170695807924,13.234160533375915,TRUE,NA,0,3.8643363697499576e-5,NA,9.055086070880607,3.712486935148554,-10.42749134775777,-7.896622453674596
SVK,0,6.86754028,1.1838406490014484,15.506307419138757,FALSE,9.241183280944824,0.009755455255601245,0.0034539912549886036,NA,9.691673561440709,5.9847491413633644,-10.563387281726209,-9.832984151967265
SVN,3,8.50174063,2.436684040739395,14.539929151081072,FALSE,6.274926662445068,0.043620064452360253,0.10880815887389426,-5.503942166249666,9.946907113194905,NA,-11.308839105240382,-8.956432842299373
SWE,23,11.00812884,2.8174274629258402,16.097809878966537,FALSE,4.819170951843262,1.884558559624154e-4,0.0024506571817275056,-6.58304094305996,10.836292229704542,NA,-9.42974795035155,-8.847174367067856
SWZ,0,7.772143,1.050927447587763,13.91449036009745,NA,NA,0,0,NA,8.200125859231433,NA,-12.784549250834406,-8.611185452038374
SYC,0,3.34871697,2.6168172339346416,11.444850029652843,TRUE,NA,0,6.035085190041583e-4,NA,9.598682478799402,5.758434889641446,-16.11809565095832,-6.3949940224033055
TCA,0,NA,3.4807418390818725,10.490746300336754,TRUE,NA,0,0,NA,10.119912438895694,8.204531276518736,-16.11809565095832,-7.446223862613332
TCD,0,4.54621344,1.2984430206409567,16.462463421370835,FALSE,NA,0,7.374481787071364e-4,NA,6.653775546450376,NA,-11.663360985975315,-8.3931210545592
TGO,0,6.24938169,1.329827421951246,15.80655221366734,FALSE,NA,0,0.016148993568567263,NA,6.346829923820076,NA,-11.28879407161607,-9.446978344994964
THA,0,3.6669476,1.739580061477394,18.045470957595626,FALSE,7.045285224914551,0.006643040066919764,0.04158194708510609,NA,8.672494114809812,NA,-12.269500066382856,-9.80218843454725
TJK,0,6.85367879,1.1797575129347357,15.950153572145025,FALSE,NA,0,1.3768997411622294e-4,NA,6.834211916724126,1.588637866650518,-12.148853342517334,-9.57003103524526
TKM,0,6.2979362,1.2609484615650908,15.53205911368902,FALSE,NA,0,0.0014053464113839688,NA,8.76914663578623,NA,-11.040704678212933,-9.170756636116025
TLS,0,3.49424362,-0.09913088777311198,13.994745689979048,FALSE,NA,0,0,NA,7.857540312518772,NA,-12.047051629611538,-10.498238128512567
TON,0,4.66809287,1.7381103757507772,11.520705124789052,TRUE,NA,0,0,NA,8.371158353230832,4.277185262011927,-16.11809565095832,-8.74811640254927
TTO,5,6.21744691,1.292045043112646,14.13056068520725,TRUE,NA,0,3.6994569729515634e-4,NA,9.816430191138199,3.634268662928866,-10.65814390425628,-8.988897128704592
TUN,41,7.00675038,-0.6789151517307563,16.22963246396347,FALSE,18.02602767944336,7.85756968150458e-4,0.09381362175533497,NA,8.258374387825047,NA,-11.321138031954435,-8.26930883481463
TUR,49,4.13853307,1.328545695941557,18.178983749536414,FALSE,18.456716537475586,0.0011703702397360442,0.022916370163849058,NA,9.300978254198307,3.958045690519432,-11.464210332831753,-10.300828413033091
TZA,3,3.78969995,-0.6784589999885425,17.75675508546043,TRUE,NA,0,0.0035651582249147094,NA,6.824681380874943,0.7923188732603343,-12.155355321933504,-10.118075261584318
UGA,0,6.33395034,0.6732809287105582,17.45901216059211,TRUE,NA,1.1411610878945695e-4,0.006137788505076943,NA,6.563885199701412,NA,-11.729842959501548,-8.801361616480616
UKR,0,6.9562258,2.3709507067349795,17.625590069726382,FALSE,NA,0.014770797309559004,0.039066317352942505,NA,7.60887542966516,3.3619612618654133,-11.328062256709911,-8.776937183512477
URY,9,9.00828933,0.743984188011467,15.04281182533935,FALSE,6.612402439117432,3.8341523738779715e-4,0.012306300468352014,NA,9.655908129387004,4.5675399382280935,-10.57643682971177,-9.002557114061934
USA,152,16.81565916,2.6767129861468764,19.586149717863176,TRUE,10.297452926635742,0.007394842811904971,0.004286470162471221,-3.1648409775078177,10.947352737233075,4.008169132593,-8.888783986291854,-8.163444408875534
UZB,0,6.0955821,1.319359062657788,17.259093511122856,FALSE,NA,0,0.006441564844006106,NA,7.869028988111342,1.8128702092907552,-11.607879663042942,-11.361939643486116
VCT,0,3.50632727,1.433509188239673,11.60046003840206,TRUE,NA,0,0,NA,8.842374748990865,5.245184219833537,-16.11809565095832,-7.4733256533569685
VNM,2,5.65262114,-2.5440864459097687,18.344631707613406,TRUE,9.423290252685547,8.366715761449235e-4,0.11976604951996898,NA,7.642572806477063,2.1484659630818306,-13.070163367724428,-9.420507815927394
VUT,0,4.15322859,0.16165181076810517,12.510353689637322,TRUE,NA,0,0,NA,7.908988425682844,4.662053991092527,-16.11809565095832,-8.206288596433152
WSM,0,5.67470959,0.9349616200356711,12.173099972657798,TRUE,NA,0,0.0019139210328827903,NA,8.332134937966515,4.274299425443123,NA,-10.786805611537908
YEM,0,5.60372913,0.26137223639984897,17.092575627406035,FALSE,NA,0,0.004810453344069303,NA,7.38320922331826,0.4068018428486304,-12.603901761410597,-9.856236284651692
ZAF,26,8.19779026,1.7358588674246536,17.829844038401625,TRUE,8.742663383483887,3.1024036225608546e-4,0.012005287527344057,NA,8.6536338285961385,3.2264595727173657,-10.508940945882015,-9.044457451117468
ZMB,0,4.43510226,-0.2162393278762488,16.58053077367893,TRUE,NA,0,0.00468854912320081,NA,7.194582727124257,NA,-12.125294152294597,-9.053813212326226
ZWE,0,9.25619679,1.0603123247431885,16.441238661111157,TRUE,NA,9.61773481446583e-6,0.008674217446745274,NA,7.275913777183698,2.700690693512027,-12.187711159574079,-8.255331179628834
